Date,Day,Start Time,Stop Time,Observer,Temp Min,Temp Max,Temp Current,Trap ID,Year,TempID,N/R,Weight,SVL,VTL,Regen,Total,State,Photo Series,Photo L,Photo R,Formal ID,Previous Survey Sighting,Note,Joiny,Individual
30/03/2017,1,9:00,13:00,SH,NA,22.1,12.5,21,2017,1,N,16.5,96,70,1.5,167.5,A,1-Sep,002,004,TI014,NO,,"2017,1",17_001
30/03/2017,1,9:00,13:00,SH,NA,22.1,12.5,23,2017,2,N,12.5,86,99,0,185,A,Nov-21,015,016,TI015,NO,,"2017,2",17_002
30/03/2017,1,9:00,13:00,SH,NA,22.1,12.5,24,2017,3,N,10.5,84,34,35,153,A,23-27,024,025,TI016,NO,,"2017,3",17_003
30/03/2017,1,9:00,13:00,SH,NA,22.1,12.5,24,2017,4,N,14.5,90,76,0,166,A,28-32,030,028,TI017,NO,,"2017,4",17_004
30/03/2017,1,9:00,13:00,SH,NA,22.1,12.5,24,2017,5,N,17,102,70,23,195,A,33-40,033,034,TI018,NO,,"2017,5",17_005
30/03/2017,1,9:00,13:00,SH,NA,22.1,12.5,5,2017,7,N,12,85,101,0,186,A,41-45,041,042,TI019,NO,,"2017,7",17_006
31/03/2017,1,9:00,13:00,SH,NA,22.1,12.5,9,2017,6,N,12.5,81,75,16,172,A,46-50,048,047,TI013,Within Year,,"2017,6",17_008
31/03/2017,1,9:00,13:00,SH,NA,22.1,12.5,12,2017,8,N,6.5,70,75,0,145,SA,52-57,053,052,TI020,NO,,"2017,8",17_009
31/03/2017,1,9:00,13:00,SH,NA,22.1,12.5,16,2017,9,N,14,82,101,0,183,A,59-64,059,061,TI021,NO,,"2017,9",17_010
31/03/2017,1,9:00,13:00,SH,NA,22.1,12.5,29,2017,10,N,9.5,78,21,42,141,A,66-72,066,070,TI008,YES,,"2017,10",16_008
31/03/2017,1,9:00,13:00,SH,NA,22.1,12.5,31,2017,11,N,2,50,52,0,102,N,73-81,074,076,TI022,NO,,"2017,11",17_011
31/03/2017,1,9:00,13:00,SH,NA,22.1,12.5,32,2017,12,N,10,81,90,0,171,A,85-91,088,089,TI023,NO,,"2017,12",17_012
31/03/2017,1,9:00,13:00,SH,NA,22.1,12.5,34,2017,13,N,17.5,93,57,28,178,A,92-97,096,093,TI024,NO,,"2017,13",17_013
31/03/2017,1,9:00,13:00,SH,NA,22.1,12.5,35,2017,14,N,5,67,81,0,148,SA,98-104,102,098,TI025,NO,,"2017,14",17_014
31/03/2017,1,9:00,13:00,SH,NA,22.1,12.5,38,2017,15,N,16.5,95,50,35,180,A,105-108,106,105,TI1026,NO,,"2017,15",17_015
31/03/2017,1,9:00,13:00,SH,NA,22.1,12.5,39,2017,16,N,4,65,82,0,147,SA,110-114,112,111,TI1027,NO,,"2017,16",17_016
2/04/2017,3,9:25,14:44,SH,12.5,22.6,20,4,2017,17,N,10.5,82,93,0,175,A,1-Jun,001,004,TI028,NO,,"2017,17",17_017
2/04/2017,3,9:25,14:44,SH,12.5,22.6,20,7,2017,18,N,13.5,90,58,20,168,A,Aug-15,009,012,TI029,NO,,"2017,18",17_018
2/04/2017,3,9:25,14:44,SH,12.5,22.6,20,8,2017,19,N,13,94,71,6,171,A,17-22,018,019,TI030,NO,,"2017,19",17_019
2/04/2017,3,9:25,14:44,SH,12.5,22.6,20,12,2017,20,N,7.5,74,85,0,159,SA,24-29,026,025,TI031,NO,,"2017,20",17_020
2/04/2017,3,9:25,14:44,SH,12.5,22.6,20,12,2017,21,N,10,81,98,0,179,A,31-37,034,032,TI032,NO,,"2017,21",17_021
2/04/2017,3,9:25,14:44,SH,12.5,22.6,20,16,2017,22,N,12.5,86,96,0,182,A,39-45,041,040,TI033,NO,,"2017,22",17_022
2/04/2017,3,9:25,14:44,SH,12.5,22.6,20,18,2017,23,N,15,91,92,0,183,A,47-53,053,048,TI034,NO,,"2017,23",
2/04/2017,3,9:25,14:44,SH,12.5,22.6,20,18,2017,24,N,12.5,89,20,48,157,A,54-59,054,056,TI035,NO,,"2017,24",17_023
2/04/2017,3,9:25,14:44,SH,12.5,22.6,20,18,2017,25,N,8.5,76,82,0,158,SA,61-66,062,064,TI036,NO,,"2017,25",17_024
2/04/2017,3,9:25,14:44,SH,12.5,22.6,20,19,2017,26,N,8,77,91,0,168,SA,68-73,072,070,TI037,NO,,"2017,26",17_025
2/04/2017,3,9:25,14:44,SH,12.5,22.6,20,19,2017,27,N,10,80,78,7,165,A,75-78,075,077,TI038,NO,,"2017,27",17_026
2/04/2017,3,9:25,14:44,SH,12.5,22.6,20,19,2017,28,N,13.5,86,68,20,174,A,80-85,080,083,TI039,NO,,"2017,28",17_027
2/04/2017,3,9:25,14:44,SH,12.5,22.6,20,23,2017,29,N,12.5,81,70,18,169,A,87-93,088,090,TI040,NO,,"2017,29",17_028
2/04/2017,3,9:25,14:44,SH,12.5,22.6,20,24,2017,30,N,17.5,94,71,19,184,A,95-100,096,098,TI041,NO,,"2017,30",17_029
2/04/2017,3,9:25,14:44,SH,12.5,22.6,20,34,2017,12,R,NA,NA,NA,NA,0,A,102-106,103,105,TI023,Within Year,,"2017,12",17_012
2/04/2017,3,9:25,14:44,SH,12.5,22.6,20,36,2017,31,N,7.5,71,85,0,156,SA,108-113,109,110,TI042,NO,,"2017,31",17_031
3/04/2017,4,9:08,11:03,SH,8,26.6,10.6,3,2017,32,N,15.5,94,56,25,175,A,115-120,119,115,TI043,NO,,"2017,32",17_032
3/04/2017,4,9:08,11:03,SH,8,26.6,10.6,3,2017,33,N,11.5,86,85,0,171,A,128-135,129,131,TI044,NO,,"2017,33",17_033
3/04/2017,4,9:08,11:03,SH,8,26.6,10.6,3,2017,34,N,8.5,72,79,0,151,SA,137-142,139,137,TI045,NO,,"2017,34",17_034
3/04/2017,4,9:08,11:03,SH,8,26.6,10.6,5,2017,35,N,2,45,58,0,103,N,144-156,147,151,TI046,NO,,"2017,35",17_035
3/04/2017,4,9:08,11:03,SH,8,26.6,10.6,8,2017,36,N,17,93,93,0,186,A,159-164,162,159,TI047,NO,,"2017,36",17_036
3/04/2017,4,9:08,11:03,SH,8,26.6,10.6,8,2017,37,N,7,83,101,0,184,A,166-170,168,166,TI048,NO,,"2017,37",17_037
3/04/2017,4,9:08,11:03,SH,8,26.6,10.6,24,2017,38,N,6.5,65,82,0,147,SA,172-177,172,175,TI049,NO,,"2017,38",17_038
3/04/2017,4,9:08,11:03,SH,8,26.6,10.6,34,2017,39,N,19,89,90,0,179,A,179-184,180,182,TI050,NO,,"2017,39",17_039
7/04/2017,8,13:29,16:30,SH,-0.4,15.6,15.1,4,2017,40,N,19.5,100,25,43,168,A,1-Jun,004,002,TI051,NO,,"2017,40",17_040
7/04/2017,8,13:29,16:30,SH,-0.4,15.6,15.1,25,2017,41,N,11.5,80,101,0,181,A,13-24,013,015,TI052,NO,,"2017,41",17_041
3/02/2018,1,10:30,16:00,SH,7.3,21.8,11.6,3,2018,2,N,18.5,102,98,0,200,A,83-89,84,86,TI056,NO,Post gravid female suspect,"2018,2",
3/02/2018,1,10:30,16:00,SH,7.3,21.8,11.6,5,2018,3,N,NA,85,94,2,181,A,90-100,97,93,TI028,Between Year,,"2018,3",
3/02/2018,1,10:30,16:00,SH,7.3,21.8,11.6,6,2018,4,N,18.5,105,101,0,206,A,101-105,101,103,TI057,NO,,"2018,4",
3/02/2018,1,10:30,16:00,SH,7.3,21.8,11.6,8,2018,5,N,10.5,90,50,4,144,A,106-110,106,107,TI048,Between Year,,"2018,5",
3/02/2018,1,10:30,16:00,SH,7.3,21.8,11.6,23,2018,6,N,13.5,90,78,9,177,A,114-122,118,120,TI017,Between Year,,"2018,6",
3/02/2018,1,10:30,16:00,SH,7.3,21.8,11.6,23,2018,7,N,17,94,97,0,191,A,123-131,127,128,TI058,NO,FL234 + FR4 missing,"2018,7",
3/02/2018,1,10:30,16:00,SH,7.3,21.8,11.6,24,2018,8,N,11,85,66,16,167,A,132-136,133,134,TI059,NO,,"2018,8",
3/02/2018,1,10:30,16:00,SH,7.3,21.8,11.6,26,2018,9,N,13.5,85,87,6,178,A,137-142,139,140,TI060,NO,,"2018,9",
3/02/2018,1,10:30,16:00,SH,7.3,21.8,11.6,29,2018,10,N,16.5,85,61,24,170,A,143-150,148,144,TI061,NO,,"2018,10",
3/02/2018,1,10:30,16:00,SH,7.3,21.8,11.6,30,2018,11,N,7.5,75,85,0,160,SA,151-157,153,156,TI062,NO,,"2018,11",
3/02/2018,1,10:30,16:00,SH,7.3,21.8,11.6,34,2018,12,N,19,101,90,0,191,A,158-162,161,158,TI050,Between Year,Faecal sample taken,"2018,12",
3/02/2018,1,10:30,16:00,SH,7.3,21.8,11.6,35,2018,13,N,16,89,69,28,186,A,163-170,166,163,TI063,NO,,"2018,13",
3/02/2018,1,10:30,16:00,SH,7.3,21.8,11.6,36,2018,14,N,14,91,50,32,173,A,171-177,171,174,TI064,NO,,"2018,14",
3/02/2018,1,10:30,16:00,SH,7.3,21.8,11.6,37,2018,15,N,16.5,98,49,31,178,A,178-181,178,180,TI026,Between Year,,"2018,15",
3/02/2018,1,10:30,16:00,SH,7.3,21.8,11.6,39,2018,16,N,14,92,27,41,160,A,182-188,184,186,TI065,NO,,"2018,16",
3/02/2018,1,10:30,16:00,SH,7.3,21.8,11.6,40,2018,17,N,11,77,80,1,158,A,189-199,193,190,TI066,NO,Missing FR foot,"2018,17",
3/02/2018,1,10:30,16:00,SH,7.3,21.8,11.6,41,2018,18,N,14,86,75,12,173,A,200-205,200,202,TI067,NO,,"2018,18",
4/02/2018,2,10:27,15:30,"SH,JW",7,17.5,13.5,3,2018,19,N,20,92,108,0,200,A,208-213,209,211,,NO,,"2018,19",
4/02/2018,2,10:27,15:30,"SH,JW",7,17.5,13.5,4,2018,20,N,17,100,30,49,179,A,214-219,216,217,,NO,Sloughing,"2018,20",
4/02/2018,2,10:27,15:30,"SH,JW",7,17.5,13.5,4,2018,21,N,8.5,89,49,31,169,A,220-224,220,222,,NO,,"2018,21",
4/02/2018,2,10:27,15:30,"SH,JW",7,17.5,13.5,4,2018,22,N,5.5,62,44,9,115,J,225-231,225,229,,NO,,"2018,22",
4/02/2018,2,10:27,15:30,"SH,JW",7,17.5,13.5,12,2018,23,N,12,85,76,9,170,A,232-236,,,TI020,NO,,"2018,23",
4/02/2018,2,10:27,15:30,"SH,JW",7,17.5,13.5,18,2018,24,N,6.5,67,83,0,150,SA,237-246,,,,NO,,"2018,24",
4/02/2018,2,10:27,15:30,"SH,JW",7,17.5,13.5,20,2018,25,N,9.5,73,87,0,160,SA,247-251,,,,NO,,"2018,25",
4/02/2018,2,10:27,15:30,"SH,JW",7,17.5,13.5,21,2018,26,N,14,91,69,21,181,A,252-258,,,,NO,Fight wound,"2018,26",
4/02/2018,2,10:27,15:30,"SH,JW",7,17.5,13.5,21,2018,27,N,17.5,96,49,24,169,A,259-266,,,TI014,NO,Sloughing,"2018,27",
4/02/2018,2,10:27,15:30,"SH,JW",7,17.5,13.5,24,2018,28,N,13.5,83,89,5,177,A,267-272,,,,NO,,"2018,28",
4/02/2018,2,10:27,15:30,"SH,JW",7,17.5,13.5,29,2018,29,N,16,93,31,34,158,A,273-276,,,,NO,Missing LR4,"2018,29",
4/02/2018,2,10:27,15:30,"SH,JW",7,17.5,13.5,35,2018,30,N,6.5,69,83,0,152,SA,277-280,,,,NO,,"2018,30",
4/02/2018,2,10:27,15:30,"SH,JW",7,17.5,13.5,36,2018,31,N,12,85,67,12,164,A,281-284,,,,NO,,"2018,31",
4/02/2018,2,10:27,15:30,"SH,JW",7,17.5,13.5,37,2018,32,N,15.5,89,36,0,125,A,285-289,,,,NO,,"2018,32",
4/02/2018,2,10:27,15:30,"SH,JW",7,17.5,13.5,37,2018,33,N,11.5,80,75,3,158,A,290-293,,,,NO,,"2018,33",
4/02/2018,2,10:27,15:30,"SH,JW",7,17.5,13.5,41,2018,34,N,16.5,93,98,0,191,A,294-297,,,,NO,,"2018,34",
5/02/2018,3,9:08,10:50,"SH,JW",11.7,18.7,14.3,13,2018,35,N,12,84,79,8,171,A,1-Jun,,,TI032,Between Year,LR5,"2018,35",17_021
5/02/2018,3,9:08,10:50,"SH,JW",11.7,18.7,14.3,18,2018,36,N,16.5,91,75,16,182,A,7-Dec,,,TI007,Between Year,LR4 RR4,"2018,36",16_007
5/02/2018,3,9:08,10:50,"SH,JW",11.7,18.7,14.3,20,2018,37,N,17,92,62,12,166,A,13-20,,,,NO,RR2,"2018,37",18_001
5/02/2018,3,9:08,10:50,"SH,JW",11.7,18.7,14.3,22,2018,38,N,8,72,76,6,154,SA,21-26,,,,NO,,"2018,38",18_002
6/02/2018,4,8:57,12:04,"SH,JW",9.6,18,10.7,3,2018,39,R,,,,,,A,27-28,,,,Within year,Rubbed off 002?,"2018,39",18_003
6/02/2018,4,8:57,12:04,"SH,JW",9.6,18,10.7,4,2018,40,N,13.5,86,53,24,163,A,29-37,,,TI035,Between Year,Possible gravid,"2018,40",18_004
6/02/2018,4,8:57,12:04,"SH,JW",9.6,18,10.7,10,2018,41,N,11.5,81,77,9,167,A,38-45,,,,NO,,"2018,41",18_005
6/02/2018,4,8:57,12:04,"SH,JW",9.6,18,10.7,11,2018,42,N,14,87,79,8,174,A,46-55,,,TI013,Between Year,,"2018,42",17_008
6/02/2018,4,8:57,12:04,"SH,JW",9.6,18,10.7,11,2018,43,N,8.5,80,50,20,150,A,56-61,,,,NO,,"2018,43",18_007
6/02/2018,4,8:57,12:04,"SH,JW",9.6,18,10.7,20,2018,44,N,12.5,86,76,12,174,A,62-66,,,,NO,,"2018,44",18_008
6/02/2018,4,8:57,12:04,"SH,JW",9.6,18,10.7,20,2018,45,N,8.5,76,92,0,168,SA,67-74,,,,NO,,"2018,45",18_009
6/02/2018,4,8:57,12:04,"SH,JW",9.6,18,10.7,23,2018,46,N,9,86,41,39,166,A,75-79,,,TI040,Between Year,,"2018,46",17_028
6/02/2018,4,8:57,12:04,"SH,JW",9.6,18,10.7,31,2018,47,N,17,95,56,29,180,A,80-87,,,TI024,Between Year,,"2018,47",17_013
6/02/2018,4,8:57,12:04,"SH,JW",9.6,18,10.7,33,2018,48,R,,,,,,A,88-89,,,TI050,Within year,Rubbed off 12,"2018,48",
6/02/2018,4,8:57,12:04,"SH,JW",9.6,18,10.7,34,2018,49,R,,,,,,A,90-91,,,,Within year,Recapture - no # so renumbered as 49,"2018,49",18_010
6/02/2018,4,8:57,12:04,"SH,JW",9.6,18,10.7,39,2018,50,N,16,86,85,10,181,A,92-101,,,TI002,Between Year,,"2018,50",16_002
7/02/2018,5,9:00,13:12,JW,7.7,23,10.7,3,2018,ESCAPE,N,14.5,88,105,0,193,A,1-Jul,,,,NO,Escaped before marking,"2018,ESCAPE",18_011
7/02/2018,5,9:00,13:12,JW,7.7,23,10.7,18,2018,51,R,,,,,,,Oct-13,,,TI007,Within year,Recapture no rubbed off,"2018,51",16_007
7/02/2018,5,9:00,13:12,JW,7.7,23,10.7,20,2018,52,N,8.5,74,36,42,152,SA,14-22,,,,NO,,"2018,52",18_012
7/02/2018,5,9:00,13:12,JW,7.7,23,10.7,24,2018,53,R,,,,,,A,23-27,,,,Within year,Recapture no rubbed off,"2018,53",18_013
7/02/2018,5,9:00,13:12,JW,7.7,23,10.7,29,2018,54,N,7.5,72,88,0,160,SA,28-38,,,,NO,Hemipene everted,"2018,54",18_014
7/02/2018,5,9:00,13:12,JW,7.7,23,10.7,29,2018,55,N,8.5,74,77,4,155,SA,39-48,,,,NO,,"2018,55",18_015
7/02/2018,5,9:00,13:12,JW,7.7,23,10.7,31,2018,56,N,18,99,22,52,173,A,49-60,,,,NO,Fat,"2018,56",18_016
7/02/2018,5,9:00,13:12,JW,7.7,23,10.7,34,2018,57,R,,,,,,,61-64,,,,Within year,Recapture - rubbed off renumbered ,"2018,57",18_017
8/02/2018,6,9:00,11:50,JW,8.4,31,10.5,6,2018,40,R,,,,,0,A,65-68,,,,Within year,Recapture 40?,"2018,40",18_004
8/02/2018,6,9:00,11:50,JW,8.4,31,10.5,16,2018,58,N,7.5,72,73,4,149,SA,72-80,,,,NO,,"2018,58",18_058
8/02/2018,6,9:00,11:50,JW,8.4,31,10.5,18,2018,59,N,12.5,88,93,0,181,A,81-91,,,TI036,Between Year,,"2018,59",17_024
8/02/2018,6,9:00,11:50,JW,8.4,31,10.5,20,2018,60,N,19,103,92,6,201,A,92-101,,,,NO,,"2018,60",18_020
8/02/2018,6,9:00,11:50,JW,8.4,31,10.5,24,2018,61,R,,,,,0,A,102-105,,,,Within year,Recapture no rubebd off,"2018,61",18_021
8/02/2018,6,9:00,11:50,JW,8.4,31,10.5,34,2018,62,R,,,,,0,A,106-111,,,TI024,Within year,Recapture no rubbed off,"2018,62",17_013
8/02/2018,6,9:00,11:50,JW,8.4,31,10.5,35,2018,63,N,16,88,87,0,175,A,112-122,,,,NO,,"2018,63",18_023
8/02/2018,6,9:00,11:50,JW,8.4,31,10.5,35,2018,57,R,,,,,0,A,110-111,,,,Within year,Recapture 057?,"2018,57",18_017
8/02/2018,6,9:00,11:50,JW,8.4,31,10.5,36,2018,64,N,10,77,65,13,155,A,123-131,,,,NO,,"2018,64",18_024
8/02/2018,6,9:00,11:50,JW,8.4,31,10.5,39,2018,65,R,,,,,0,A,132-135,,,,Within year,Recapture no rubbed off ,"2018,65",17_015
9/02/2018,7,9:20,15:30,JW,10.4,28.8,13.4,2,2018,66,R,7.5,74,73,1,148,SA,1-Oct,,,,Within year,Recapture? Dot on back?,"2018,66",18_025
9/02/2018,7,9:20,15:30,JW,10.4,28.8,13.4,12,2018,67,R,,,,,0,A,16-20,,,,Within year,Recapture no rubbed off,"2018,67",17_021
9/02/2018,7,9:20,15:30,JW,10.4,28.8,13.4,16,2018,68,N,16.5,98,23,43,164,A,21-30,,,,,POSSIBLE GRAVID? Looks familiar,"2018,68",18_026
9/02/2018,7,9:20,15:30,JW,10.4,28.8,13.4,18,2018,69,N,8,74,88,0,162,A,31-40,,,,,,"2018,69",18_027
9/02/2018,7,9:20,15:30,JW,10.4,28.8,13.4,20,2018,70,R,,,,,0,A,41-44,,,,Within year,Recaptue no rubbed off,"2018,70",18_028
9/02/2018,7,9:20,15:30,JW,10.4,28.8,13.4,20,2018,71,N,13.5,85,73,5,163,A,45-51,,,,,,"2018,71",18_029
9/02/2018,7,9:20,15:30,JW,10.4,28.8,13.4,20,2018,72,N,13.5,89,9,43,141,A,52-60,,,,,,"2018,72",18_030
9/02/2018,7,9:20,15:30,JW,10.4,28.8,13.4,21,2018,51,R,,,,,0,A,,,,,Within year,,"2018,51",16_007
9/02/2018,7,9:20,15:30,JW,10.4,28.8,13.4,23,2018,73,N,14,91,82,4,177,A,61-68,,,,,,"2018,73",18_031
9/02/2018,7,9:20,15:30,JW,10.4,28.8,13.4,31,2018,74,N,10.5,77,96,0,173,A,69-78,,,,,,"2018,74",17_014
9/02/2018,7,9:20,15:30,JW,10.4,28.8,13.4,34,2018,75,R,,,,,0,A,79-82,,,,Within year,No rubbed off Sloughing,"2018,75",
9/02/2018,7,9:20,15:30,JW,10.4,28.8,13.4,34,2018,62,R,,,,,0,A,83-87,,,,Within year,Recapture rubbed off 062,"2018,62",
9/02/2018,7,9:20,15:30,JW,10.4,28.8,13.4,35,2018,57,R,,,,,0,SA,,,,,Within year,Recapture/ no photos?,"2018,57",
9/02/2018,7,9:20,15:30,JW,10.4,28.8,13.4,39,2018,,R,,,,,0,A,88-91,,,,Within year,,2018,
9/02/2018,7,9:20,15:30,JW,10.4,28.8,13.4,40,2018,77,N,,56,15,19,90,J,92-101,,,,,,"2018,77",18_032
9/02/2018,7,9:20,15:30,JW,10.4,28.8,13.4,41,2018,,R,,,,,0,A,102-105,,,,Within year,,2018,
8/02/2019,1,9:50,15:30,Jemma/Jamie,,,11.2,3,2019,1,N,16.6,88,84,13,185,A,106-112,110,107,No match with current photos,,"Missing digits 3+4LR (Left, Rear)","2019,1",19_001
8/02/2019,1,9:50,15:30,Jemma/Jamie,,,11.2,5,2019,2,N,17.6,98,51,30,179,A,114-120,117,114,No match with current photos,,,"2019,2",19_002
8/02/2019,1,9:50,15:30,Jemma/Jamie,,,11.2,5,2019,3,N,13.2,87,82,12,181,A,121-129,112,125,Poss TI001 Match // NOT,,,"2019,3",19_003
8/02/2019,1,9:50,15:30,Jemma/Jamie,,,11.2,5,2019,4,N,10.5,83,73,10,166,A,131-138,136,131,TI046,2017,Checked match with Sam,"2019,4",17_035
8/02/2019,1,9:50,15:30,Jemma/Jamie,,,11.2,6,2019,5,N,12.4,85,81,5,171,A,140-148,146,143,No match with current photos,,,"2019,5",19_004
8/02/2019,1,9:50,15:30,Jemma/Jamie,,,11.2,6,2019,6,N,8.1,74,88.5,0,162.5,SA,150-158,156,151,No match with current photos,,,"2019,6",19_005
8/02/2019,1,9:50,15:30,Jemma/Jamie,,,11.2,8,2019,7,N,14.5,91,52,30,173,A,160-167,165,161,TI048,2017,,"2019,7",17_037
8/02/2019,1,9:50,15:30,Jemma/Jamie,,,11.2,12,2019,8,N,9.6,79,93,0,172,A,169-176,174,169,No match with current photos,,Shedding,"2019,8",19_006
8/02/2019,1,9:50,15:30,Jemma/Jamie,,,11.2,16,2019,9,N,16.7,,,,,,178-186,184,179,TI033,2017,Escaped before able to take measurements,"2019,9",17_022
8/02/2019,1,9:50,15:30,Jemma/Jamie,,,11.2,18,2019,10,N,19,92,80,10,182,A,189-196,194,189,Poss TI007 Match,,Missing digit 4LR,"2019,10",16_007
8/02/2019,1,9:50,15:30,Jemma/Jamie,,,11.2,19,2019,11,N,13,87,68,14,169,A,198-205,202,199,TI054,,DOESN’T EXIST IN SCOTT DATA,"2019,11",19_007
8/02/2019,1,9:50,15:30,Jemma/Jamie,,,11.2,20,2019,12,N,15.1,92,11,45,148,A,207-214,209,207,No match with current photos,,,"2019,12",18_030
8/02/2019,1,9:50,15:30,Jemma/Jamie,,,11.2,23,2019,13,N,15.4,96,95,2,193,A,216-223,220,216,No match with current photos,,Shedding,"2019,13",18_031
8/02/2019,1,9:50,15:30,Jemma/Jamie,,,11.2,23,2019,14,N,9.2,77,95,0,172,,225-232,227,225,No match with current photos,,,"2019,14",19_008
8/02/2019,1,9:50,15:30,Jemma/Jamie,,,11.2,24,2019,15,N,11.5,83,65,18,166,A,234-240,237,235,No match with current photos,,,"2019,15",18_021
8/02/2019,1,9:50,15:30,Jemma/Jamie,,,11.2,26,2019,16,N,9,72,51,17,140,SA,242-249,247,242,No match with current photos,,,"2019,16",19_009
8/02/2019,1,9:50,15:30,Jemma/Jamie,,,11.2,31,2019,17,N,20.5,98,52,18,168,A,251-257,255,252,TI024,,,"2019,17",17_013
8/02/2019,1,9:50,15:30,Jemma/Jamie,,,11.2,31,2019,18,N,7,69,82,1,152,SA,259-266,264,260,No match with current photos,,,"2019,18",19_010
8/02/2019,1,9:50,15:30,Jemma/Jamie,,,11.2,34,2019,19,N,19,100,70,20,190,A,268-275,272,269,Poss TI050 Match,,,"2019,19",17_039
8/02/2019,1,9:50,15:30,Jemma/Jamie,,,11.2,34,2019,20,N,10.5,79,88,0,167,A,277-284,282,279,No match with current photos,,Sheeding,"2019,20",19_018
8/02/2019,1,9:50,15:30,Jemma/Jamie,,,11.2,37,2019,Escapee-1,N,,,,,,A,286-294,291,288,No match with current photos,,Escaped before marking/measuring,"2019,Escapee-1",19_011
9/02/2019,2,9:17,12:16,Jemma,11,31.7,17.5,4,2019,21,N,7,74,32,34,140,SA,001-008,6,2,No match with current photos,,,"2019,21",19_012
9/02/2019,2,9:17,12:16,Jemma,11,31.7,17.5,5,2019,2,R,,,,,,,-,-,-,No match with current photos,,,"2019,2",19_002
9/02/2019,2,9:17,12:16,Jemma,11,31.7,17.5,5,2019,22,N,15,89,42,27,158,A,010-017,13,15,TI019,,,"2019,22",17_006
9/02/2019,2,9:17,12:16,Jemma,11,31.7,17.5,5,2019,23,N,11.2,78,61,0,139,,019-026,20,23,No match with current photos,,,"2019,23",19_013
9/02/2019,2,9:17,12:16,Jemma,11,31.7,17.5,12,2019,24,N,9.5,79,75,17,171,A,028-035,32,29,No match with current photos,,,"2019,24",19_014
9/02/2019,2,9:17,12:16,Jemma,11,31.7,17.5,19,2019,25,N,7,74,49,18,141,SA,037-044,42,38,No match with current photos,,,"2019,25",19_015
9/02/2019,2,9:17,12:16,Jemma,11,31.7,17.5,24,2019,26,N,6.5,70,51,1,122,SA,046-053,51,49,No match with current photos,,,"2019,26",19_016
9/02/2019,2,9:17,12:16,Jemma,11,31.7,17.5,25,2019,27,N,7.5,66,92,0,158,SA,055-062,59,55,No match with current photos,,,"2019,27",19_017
9/02/2019,2,9:17,12:16,Jemma,11,31.7,17.5,34,2019,20,R,,,,,,,064-069,69,67,No match with current photos,,Missing digit 4LR,"2019,20",19_018
9/02/2019,2,9:17,12:16,Jemma,11,31.7,17.5,34,2019,28,N,7.5,70,64,9,143,SA,071-078,76,72,No match with current photos,,,"2019,28",19_019
9/02/2019,2,9:17,12:16,Jemma,11,31.7,17.5,41,2019,29,N,7,70,70,7,147,SA,080-087,84,81,No match with current photos,,,"2019,29",19_020
10/02/2019,3,8:59,12:19,Jemma,12.9,34.2,13.6,3,2019,30,N,14,86,45,30,161,A,001-008,6,4,No match with current photos,,,"2019,30",19_021
10/02/2019,3,8:59,12:19,Jemma,12.9,34.2,13.6,4,2019,31,N,9.5,77,100,0,177,,010-018,16,11,No match with current photos,,,"2019,31",19_022
10/02/2019,3,8:59,12:19,Jemma,12.9,34.2,13.6,5,2019,32,N,7.5,73,22,37,132,SA,020-027,24,20,No match with current photos,,,"2019,32",19_023
10/02/2019,3,8:59,12:19,Jemma,12.9,34.2,13.6,19,2019,12,R,,,,,,,029-033,32,30,No match with current photos,,"Temp ID rubbed off, Tail mostly regen","2019,12",18_030
10/02/2019,3,8:59,12:19,Jemma,12.9,34.2,13.6,20,2019,33,N,16.5,96,56,23,175,A,035-042,39,36,No match with current photos,,Missing digit 5LR,"2019,33",19_024
10/02/2019,3,8:59,12:19,Jemma,12.9,34.2,13.6,23,2019,Neonate-1,N,,40,33,1,74,N,045-051,51,45,No match with current photos,,Not marked with ID just dot on forehead,"2019,Neonate-1",
10/02/2019,3,8:59,12:19,Jemma,12.9,34.2,13.6,24,2019,34,N,4.5,72,55,14,141,SA,053-060,58,54,No match with current photos,,,"2019,34",19_025
10/02/2019,3,8:59,12:19,Jemma,12.9,34.2,13.6,25,2019,35,N,17.5,98,25,40,163,A,062-070,67,65,No match with current photos,,Missing digit 2LF,"2019,35",19_026
10/02/2019,3,8:59,12:19,Jemma,12.9,34.2,13.6,34,2019,19,R,,,,,,,072-076,76,73,Poss TI050 Match,,,"2019,19",17_039
10/02/2019,3,8:59,12:19,Jemma,12.9,34.2,13.6,34,2019,Neonate-2,N,,45,54,0,99,N,078-083,83,79,No match with current photos,,Not marked with ID just dot on forehead,"2019,Neonate-2",
10/02/2019,3,8:59,12:19,Jemma,12.9,34.2,13.6,36,2019,36,N,7,73,89,0,162,SA,085-092,90,86,No match with current photos,,,"2019,36",19_054
11/02/2019,4,9:03,11:24,Jemma,10.2,32.4,13.4,2,2019,37,N,20,92,95,12,199,A,091651-091733,91717,91654,No match with current photos,,"Black scaring on belly, kink in tail at start of regen","2019,37",19_027
11/02/2019,4,9:03,11:24,Jemma,10.2,32.4,13.4,6,2019,38,N,21.5,100,95,9,204,A,093605-093710,93620,93607,No match with current photos,,White scaring on belly and tail,"2019,38",19_045
11/02/2019,4,9:03,11:24,Jemma,10.2,32.4,13.4,7,2019,39,N,6.5,66,44,0,110,SA,094703-094748,94729,94706,No match with current photos,,Last bit of tail missing - no new regen yet,"2019,39",19_028
11/02/2019,4,9:03,11:24,Jemma,10.2,32.4,13.4,16,2019,45,N,,,,,,A,101355-101442,101431,101411,No match with current photos,,,"2019,45",18_026
11/02/2019,4,9:03,11:24,Jemma,10.2,32.4,13.4,20,2019,40,N,15,89,50,11,150,A,102704-102823,102734,102705,No match with current photos,,,"2019,40",18_027
11/02/2019,4,9:03,11:24,Jemma,10.2,32.4,13.4,31,2019,41,N,13.5,87,85,5,177,A,105201-105304,105247,105201,No match with current photos,,,"2019,41",19_029
11/02/2019,4,9:03,11:24,Jemma,10.2,32.4,13.4,34,2019,20,R,,,,,,,110337-110405,110405,110343,No match with current photos,,,"2019,20",19_018
11/02/2019,4,9:03,11:24,Jemma,10.2,32.4,13.4,34,2019,17,R,,,,,,,110650-110748,110716,110657,TI024,,Last bit of tail regen,"2019,17",17_013
11/02/2019,4,9:03,11:24,Jemma,10.2,32.4,13.4,41,2019,42,N,17.5,94,97,1,192,A,111903-112019,111949,111903,No match with current photos,,Lots of white scaring on body around front and back legs,"2019,42",19_030
12/02/2019,5,9:22,11:27,Jemma,14,25.4,17.5,3,2019,43,N,18.5,95,90,12,197,A,092916-093218,93006,92927,No match with current photos,,"Looks familiar but shedding, possible recapture","2019,43",18_003
12/02/2019,5,9:22,11:27,Jemma,14,25.4,17.5,5,2019,30,R,,,,,,,094322-094342,94340,94329,No match with current photos,,,"2019,30",19_021
12/02/2019,5,9:22,11:27,Jemma,14,25.4,17.5,5,2019,44,N,10.5,78,96,0,174,SA,094608-194743,94657,94610,No match with current photos,,,"2019,44",19_031
12/02/2019,5,9:22,11:27,Jemma,14,25.4,17.5,12,2019,45,N,16.5,97,37,39,173,A,100605-100743,100638,100630,No match with current photos,,,"2019,45",18_026
12/02/2019,5,9:22,11:27,Jemma,14,25.4,17.5,18,2019,46,N,7.5,71,89,0,160,SA,102215-102301,102220,102239,No match with current photos,,,"2019,46",19_032
12/02/2019,5,9:22,11:27,Jemma,14,25.4,17.5,20,2019,12,R,,,,,,,103412-103432,103432,103415,No match with current photos,,Tail mostly regen,"2019,12",18_030
12/02/2019,5,9:22,11:27,Jemma,14,25.4,17.5,20,2019,47,N,6.5,70,77,5,152,SA,104056-104204,104101,104124,No match with current photos,,,"2019,47",19_033
12/02/2019,5,9:22,11:27,Jemma,14,25.4,17.5,20,2019,25,R,6.5,72,,,,SA,104549-104640,104600,104616,No match with current photos,,Scaring on head,"2019,25",19_015
12/02/2019,5,9:22,11:27,Jemma,14,25.4,17.5,35,2019,20,R,,,,,,,111534-111558,111620,111543,No match with current photos,,,"2019,20",19_018
13/02/2019,6,9:08,11:49,Jemma,12,33.5,13.7,3,2019,48,N,14.7,94,19,41,154,A,008-017,15,10,No match with current photos,,,"2019,48",19_034
13/02/2019,6,9:08,11:49,Jemma,12,33.5,13.7,3,2019,49,N,12,82,96,0,178,A,019-029,26,20,No match with current photos,,,"2019,49",19_035
13/02/2019,6,9:08,11:49,Jemma,12,33.5,13.7,5,2019,50,N,18,95,53,29,177,A,036-045,42,38,No match with current photos,,Shedding,"2019,50",19_036
13/02/2019,6,9:08,11:49,Jemma,12,33.5,13.7,12,2019,51,N,14.6,85,65,29,179,A,047-056,54,49,No match with current photos,,,"2019,51",18_019
13/02/2019,6,9:08,11:49,Jemma,12,33.5,13.7,12,2019,52,N,16.5,95,83,6,184,A,058-067,64,60,No match with current photos,,,"2019,52",19_037
13/02/2019,6,9:08,11:49,Jemma,12,33.5,13.7,19,2019,53,N,8.1,77,64,33,174,SA,069-078,74,70,No match with current photos,,,"2019,53",19_038
13/02/2019,6,9:08,11:49,Jemma,12,33.5,13.7,20,2019,12,R,,,,,,,080-084,84,81,No match with current photos,,,"2019,12",18_030
13/02/2019,6,9:08,11:49,Jemma,12,33.5,13.7,26,2019,54,N,7,69,57,18,144,SA,086-095,92,87,No match with current photos,,,"2019,54",19_039
13/02/2019,6,9:08,11:49,Jemma,12,33.5,13.7,35,2019,20,R,,,,,,,097-102,101,99,No match with current photos,,,"2019,20",19_018
13/02/2019,6,9:08,11:49,Jemma,12,33.5,13.7,36,2019,55,N,11.5,82,67,17,166,A,104-113,111,106,No match with current photos,,,"2019,55",18_024
14/02/2019,7,9:16,15:06,Jemma,13.8,36.5,18.2,2,2019,31,R,,,,,,,001-004,3,1,No match with current photos,,,"2019,31",19_022
14/02/2019,7,9:16,15:06,Jemma,13.8,36.5,18.2,3,2019,56,N,14,94,82,5,181,A,006-016,13,8,No match with current photos,,Scaring on chest between front legs,"2019,56",19_040
14/02/2019,7,9:16,15:06,Jemma,13.8,36.5,18.2,3,2019,57,N,12.5,84,80,8,172,A,018-028,26,21,No match with current photos,,,"2019,57",19_041
14/02/2019,7,9:16,15:06,Jemma,13.8,36.5,18.2,4,2019,58,N,16.5,92,48,28,168,A,030-042,33,40,No match with current photos,,Black scar on belly,"2019,58",19_042
14/02/2019,7,9:16,15:06,Jemma,13.8,36.5,18.2,5,2019,59,N,7.5,71,75,5,151,SA,045-055,53,46,No match with current photos,,Just finished moulting,"2019,59",19_043
14/02/2019,7,9:16,15:06,Jemma,13.8,36.5,18.2,5,2019,60,N,6,68,51,0,119,SA,057-067,65,59,No match with current photos,,"Last bit of tail recently dropped, no new regen yet","2019,60",19_044
14/02/2019,7,9:16,15:06,Jemma,13.8,36.5,18.2,6,2019,38,R,,,,,,,069-072,71,70,No match with current photos,,,"2019,38",19_045
14/02/2019,7,9:16,15:06,Jemma,13.8,36.5,18.2,8,2019,61,N,11.5,82,21,39,142,A,074-083,79,74,No match with current photos,,,"2019,61",19_046
14/02/2019,7,9:16,15:06,Jemma,13.8,36.5,18.2,16,2019,62,N,12.5,82,83,8,173,A,085-094,90,89,No match with current photos,,,"2019,62",19_047
14/02/2019,7,9:16,15:06,Jemma,13.8,36.5,18.2,20,2019,12,R,,,,,,,096-099,99,97,No match with current photos,,,"2019,12",18_030
14/02/2019,7,9:16,15:06,Jemma,13.8,36.5,18.2,20,2019,63,N,11.5,85,105,1,191,A,101-110,106,103,No match with current photos,,,"2019,63",19_048
14/02/2019,7,9:16,15:06,Jemma,13.8,36.5,18.2,20,2019,64,N,18.5,98,46,35,179,A,112-121,118,112,TI014,,,"2019,64",17_001
14/02/2019,7,9:16,15:06,Jemma,13.8,36.5,18.2,26,2019,65,N,13,83,17,42,142,A,123-131,128,127,No match with current photos,,,"2019,65",19_049
14/02/2019,7,9:16,15:06,Jemma,13.8,36.5,18.2,30,2019,66,N,16,93,80,12,185,A,142-151,147,144,No match with current photos,,,"2019,66",19_050
14/02/2019,7,9:16,15:06,Jemma,13.8,36.5,18.2,31,2019,67,N,7.5,71,98,0,169,SA,153-162,159,155,No match with current photos,,,"2019,67",19_051
14/02/2019,7,9:16,15:06,Jemma,13.8,36.5,18.2,31,2019,68,N,11,80,28,40,148,A,164-173,170,165,No match with current photos,,,"2019,68",19_052
14/02/2019,7,9:16,15:06,Jemma,13.8,36.5,18.2,31,2019,69,N,6,69,78,0,147,SA,175-184,181,175,No match with current photos,,,"2019,69",19_053
14/02/2019,7,9:16,15:06,Jemma,13.8,36.5,18.2,35,2019,41,R,,,,,,,186-189,188,187,No match with current photos,,,"2019,41",19_029
14/02/2019,7,9:16,15:06,Jemma,13.8,36.5,18.2,36,2019,36,R,,,,,,,191-194,193,192,No match with current photos,,,"2019,36",19_054
8/02/2020,1,745,1310,Jamie+Marianne ,6.9,32.4,12.4,1,2020,1,N,19,93,88,12,193,A,75344-075707,,,,,,"2020,1",19_027
8/02/2020,1,745,1310,Jamie+Marianne ,6.9,32.4,12.4,4,2020,2,N,4,68,87,0,155,A,081249-081335,,,,,,"2020,2",20_001
8/02/2020,1,745,1310,Jamie+Marianne ,6.9,32.4,12.4,6,2020,3,N,8.5,89,96,0,185,A,082707-082753,,,,,,"2020,3",19_004
8/02/2020,1,745,1310,Jamie+Marianne ,6.9,32.4,12.4,6,2020,4,N,11.5,74,57,25,156,A,083346-083413,,,,,,"2020,4",Not added
8/02/2020,1,745,1310,Jamie+Marianne ,6.9,32.4,12.4,8,2020,5,N,13,81,90,0,171,A,084137-084225,,,,,,"2020,5",19_028
8/02/2020,1,745,1310,Jamie+Marianne ,6.9,32.4,12.4,15,2020,6,N,7,68,78,0,146,A,085515-085541,,,,,,"2020,6",20_002
8/02/2020,1,745,1310,Jamie+Marianne ,6.9,32.4,12.4,16,2020,7,N,6,67,57,0,124,A,091409-091510,,,,,Tail Broken,"2020,7",20_003
8/02/2020,1,745,1310,Jamie+Marianne ,6.9,32.4,12.4,16,2020,8,N,7.5,68,95,0,163,A,093151-093904,,,,,,"2020,8",20_005
8/02/2020,1,745,1310,Jamie+Marianne ,6.9,32.4,12.4,18,2020,9,N,18,90,90,0,180,A,095018-095132,,,,,,"2020,9",16_007
8/02/2020,1,745,1310,Jamie+Marianne ,6.9,32.4,12.4,20,2020,10,N,14,89,10,51,150,A,100323-100405,,,,,,"2020,10",18_030
8/02/2020,1,745,1310,Jamie+Marianne ,6.9,32.4,12.4,20,2020,11,N,14.25,85,73,10,168,A,100903-101018,,,,,"Missing toes on back right leg. 3rd, 4th toe","2020,11",18_008
8/02/2020,1,745,1310,Jamie+Marianne ,6.9,32.4,12.4,21,2020,12,N,7,70,37,24,131,A,102607-102654,,,,,,"2020,12",20_006
8/02/2020,1,745,1310,Jamie+Marianne ,6.9,32.4,12.4,21,2020,13,N,7.75,74,85,0,159,A,103120-103120,,,,,,"2020,13",20_007
8/02/2020,1,745,1310,Jamie+Marianne ,6.9,32.4,12.4,23,2020,14,N,13,83,33,25,141,A,110636-110712,,,,,regen also at 16mm and 3mm,"2020,14",17_028
8/02/2020,1,745,1310,Jamie+Marianne ,6.9,32.4,12.4,25,2020,15,N,15.5,90,30,37,157,A,111707-111747,,,,,,"2020,15",19_004
8/02/2020,1,745,1310,Jamie+Marianne ,6.9,32.4,12.4,29,2020,16,N,5.5,66,25,25,116,A,113229-113525,,,,,,"2020,16",20_008
8/02/2020,1,745,1310,Jamie+Marianne ,6.9,32.4,12.4,32,2020,17,N,8,64,75,0,139,A,115031-115116,,,,,,"2020,17",20_009
8/02/2020,1,745,1310,Jamie+Marianne ,6.9,32.4,12.4,33,2020,18,N,7,67,30,29,126,A,115722-115811,,,,,,"2020,18",20_010
8/02/2020,1,745,1310,Jamie+Marianne ,6.9,32.4,12.4,33,2020,19,N,6.5,66,40,27,133,A,120255-120324,,,,,,"2020,19",20_011
8/02/2020,1,745,1310,Jamie+Marianne ,6.9,32.4,12.4,34,2020,20,N,10,72,78,0,150,A,121127-121258,,,,,,"2020,20",20_012
8/02/2020,1,745,1310,Jamie+Marianne ,6.9,32.4,12.4,34,2020,21,N,17.5,89,56,32,177,A,121715-121812,,,,,Gravid?,"2020,21",17_013
8/02/2020,1,745,1310,Jamie+Marianne ,6.9,32.4,12.4,34,2020,22,N,6.5,70,82,0,152,A,122412-122544,,,,,,"2020,22",20_013
8/02/2020,1,745,1310,Jamie+Marianne ,6.9,32.4,12.4,35,2020,23,N,5.5,64,81,0,145,A,123458-123631,,,,,,"2020,23",20_014
8/02/2020,1,745,1310,Jamie+Marianne ,6.9,32.4,12.4,40,2020,24,N,5.75,67,81,0,148,A,125305-125539,,,,,,"2020,24",20_015
8/02/2020,1,745,1310,Jamie+Marianne ,6.9,32.4,12.4,41,2020,25,N,11.5,80,91,0,171,A,130206-130255,,,,,,"2020,25",Not added
8/02/2020,1,745,1310,Jamie+Marianne ,6.9,32.4,12.4,16,2020,102,N,5.5,64,81,0,145,A,092648-092734,,,,,Escaped before marked,"2,020,102",20_004
8/02/2020,1,745,1310,Jamie+Marianne ,6.9,32.4,12.4,29,2020,103,N,Escaped ,Escaped ,Escaped ,Escaped ,Escaped ,A,113817-113849,,,,,,"2,020,103",19_028
9/02/2020,2,730,1104,Jamie ,1.1,25.4,3.7,22,2020,14,R,0,,,,0,A,,,,,,,"2020,14",17_028
9/02/2020,2,730,1104,Jamie ,1.1,25.4,3.7,2,2020,26,N,13,94,75,0,169,A,074647-075122,,,,,,"2020,26",Not added
9/02/2020,2,730,1104,Jamie ,1.1,25.4,3.7,13,2020,27,N,14.25,84,96,0,180,A,082049-082222,,,,,,"2020,27",19_014
9/02/2020,2,730,1104,Jamie ,1.1,25.4,3.7,16,2020,28,N,15,89,77,0,166,A,083856-084211,,,,,,"2020,28",20_016
9/02/2020,2,730,1104,Jamie ,1.1,25.4,3.7,20,2020,29,N,15,86,17,43,146,A,085412-085522,,,,,,"2020,29",20_017
9/02/2020,2,730,1104,Jamie ,1.1,25.4,3.7,23,2020,30,N,10.5,79,15,42,136,A,91050-091250,,,,,,"2020,30",20_018
9/02/2020,2,730,1104,Jamie ,1.1,25.4,3.7,26,2020,31,N,6.75,70,76,0,146,A,92754-093035,,,,,,"2020,31",Not added
9/02/2020,2,730,1104,Jamie ,1.1,25.4,3.7,26,2020,32,N,1.25,40,50,0,90,N,093629-093736,,,,,only marked on head,"2020,32",Not added
9/02/2020,2,730,1104,Jamie ,1.1,25.4,3.7,28,2020,33,N,10.25,76,78,7,161,A,095029-095145,,,,,,"2020,33",20_019
9/02/2020,2,730,1104,Jamie ,1.1,25.4,3.7,30,2020,34,N,2.25,37,49,0,86,N,100029-100758,,,,,Dot + stripe along chest,"2020,34",Not added
9/02/2020,2,730,1104,Jamie ,1.1,25.4,3.7,33,2020,35,N,24.25,83,84,5,172,A,101843-102000,,,,,,"2020,35",17_014
9/02/2020,2,730,1104,Jamie ,1.1,25.4,3.7,33,2020,36,N,17.5,98,44,25,167,A,102536-102716,,,,,,"2020,36",17_039
9/02/2020,2,730,1104,Jamie ,1.1,25.4,3.7,35,2020,37,N,11,81,102,0,183,A,103332-103545,,,,,,"2020,37",20_020
9/02/2020,2,730,1104,Jamie ,1.1,25.4,3.7,40,2020,38,N,9.75,68,84,0,152,A,105051-105208,,,,,,"2020,38",20_021
10/02/2020,3,730,1120,Jamie ,3.6,37.7,8.8,32,2020,35,R,0,,,,0,A,,,,,,,"2020,35",17_014
10/02/2020,3,730,1120,Jamie ,3.6,37.7,8.8,2,2020,39,N,17.5,89,15,45,149,A,074248-074826,,,,,"Scars on left side of belly, photos taken","2020,39",20_022
10/02/2020,3,730,1120,Jamie ,3.6,37.7,8.8,10,2020,40,N,14.5,84,28,41,153,A,81531-081713,,,,,,"2020,40",17_010
10/02/2020,3,730,1120,Jamie ,3.6,37.7,8.8,18,2020,41,N,16.5,89,90,9,188,A,084339-084530,,,,,,"2020,41",20_023
10/02/2020,3,730,1120,Jamie ,3.6,37.7,8.8,20,2020,42,N,11.25,88,51,25,164,A,090001-090127,,,,,Tail still regenerating,"2020,42",20_024
10/02/2020,3,730,1120,Jamie ,3.6,37.7,8.8,23,2020,43,N,6,67,41,22,130,A,091818-092054,,,,,,"2020,43",20_025
10/02/2020,3,730,1120,Jamie ,3.6,37.7,8.8,23,2020,44,N,12.25,89,33,36,158,A,092644-092912,,,,,,"2020,44",Not added
10/02/2020,3,730,1120,Jamie ,3.6,37.7,8.8,24,2020,45,N,5.75,64,83,0,147,A,095501-095633,,,,,,"2020,45",Not added
10/02/2020,3,730,1120,Jamie ,3.6,37.7,8.8,31,2020,46,N,7.75,67,82,0,149,A,101544-101708,,,,,,"2020,46",20_026
10/02/2020,3,730,1120,Jamie ,3.6,37.7,8.8,33,2020,47,N,12.5,83,84,0,167,A,102710-102909,,,,,,"2020,47",19_019
10/02/2020,3,730,1120,Jamie ,3.6,37.7,8.8,36,2020,48,N,13,84,101,0,185,A,104346-104435,,,,,,"2020,48",19_054
10/02/2020,3,730,1120,Jamie ,3.6,37.7,8.8,36,2020,49,N,3.95,65,58,0,123,SA,105146-105402,,,,,,"2020,49",20_027
10/02/2020,3,730,1120,Jamie ,3.6,37.7,8.8,37,2020,50,N,6.5,69,70,0,139,A,110239-110502,,,,,,"2020,50",20_028
11/02/2020,4,740,1235,Jamie + Marianne,3.6,35,11.8,6,2020,3,R,0,,,,0,A,,,,,,,"2020,3",19_004
11/02/2020,4,740,1235,Jamie + Marianne,3.6,35,11.8,19,2020,10,R,0,88,12,48,148,A,093437-093656,,,,,"Recapture with number worn off remarked as 64, confirmed as #10. Scar under chin.","2020,10",18_030
11/02/2020,4,740,1235,Jamie + Marianne,3.6,35,11.8,22,2020,11,R,0,,,,0,A,,,,,,,"2020,11",18_008
11/02/2020,4,740,1235,Jamie + Marianne,3.6,35,11.8,23,2020,12,R,0,,,,0,A,,,,,,,"2020,12",20_006
11/02/2020,4,740,1235,Jamie + Marianne,3.6,35,11.8,10,2020,27,R,0,,,,0,A,,,,,,,"2020,27",19_014
11/02/2020,4,740,1235,Jamie + Marianne,3.6,35,11.8,30,2020,33,R,0,,,,0,A,,,,,,,"2020,33",20_019
11/02/2020,4,740,1235,Jamie + Marianne,3.6,35,11.8,33,2020,36,R,0,,,,0,A,,,,,,,"2020,36",17_039
11/02/2020,4,740,1235,Jamie + Marianne,3.6,35,11.8,36,2020,37,R,0,,,,0,A,,,,,,,"2020,37",20_020
11/02/2020,4,740,1235,Jamie + Marianne,3.6,35,11.8,34,2020,48,R,0,,,,0,A,,,,,,,"2020,48",19_054
11/02/2020,4,740,1235,Jamie + Marianne,3.6,35,11.8,2,2020,55,N,15.5,93,95,5,193,A,074718-074830,,,,,,"2020,55",18_025
11/02/2020,4,740,1235,Jamie + Marianne,3.6,35,11.8,2,2020,56,N,14,87,91,0,178,A,075436-075756,,,,,,"2020,56",20_029
11/02/2020,4,740,1235,Jamie + Marianne,3.6,35,11.8,3,2020,57,N,16.5,82,101,0,183,A,081055-081515,,,,,"White speckles on belly, Rear left toe tips missing","2020,57",19_001
11/02/2020,4,740,1235,Jamie + Marianne,3.6,35,11.8,4,2020,58,N,6.5,72,78,0,150,A,082201-082426,,,,,,"2020,58",20_030
11/02/2020,4,740,1235,Jamie + Marianne,3.6,35,11.8,6,2020,59,N,6.75,69,86,0,155,A,083709-083753,,,,,,"2020,59",20_031
11/02/2020,4,740,1235,Jamie + Marianne,3.6,35,11.8,8,2020,60,N,15,87,88,0,175,A,084722-085057,,,,,,"2020,60",17_037
11/02/2020,4,740,1235,Jamie + Marianne,3.6,35,11.8,8,2020,61,N,8.5,77,90,0,167,A,085222-085655,,,,,possibly not a lakes skink,"2020,61",19_043
11/02/2020,4,740,1235,Jamie + Marianne,3.6,35,11.8,16,2020,62,N,10.5,76,72,90,238,A,091346-091533,,,,,,"2020,62",20_032
11/02/2020,4,740,1235,Jamie + Marianne,3.6,35,11.8,17,2020,63,N,13.5,80,89,0,169,A,091848-091934,,,,,,"2020,63",19_038
11/02/2020,4,740,1235,Jamie + Marianne,3.6,35,11.8,20,2020,65,N,14.5,86,70,7,163,A,094459-094859,,,,,,"2020,65",20_033
11/02/2020,4,740,1235,Jamie + Marianne,3.6,35,11.8,21,2020,66,N,8.5,72,65,0,137,A,095609-095648,,,,,quite new broken tail,"2020,66",20_034
11/02/2020,4,740,1235,Jamie + Marianne,3.6,35,11.8,23,2020,67,N,7.75,74,62,15,151,A,103629-103947,,,,,,"2020,67",20_038
11/02/2020,4,740,1235,Jamie + Marianne,3.6,35,11.8,26,2020,68,N,14.75,80,90,0,170,A,110847-110923,,,,,,"2020,68",18_013
11/02/2020,4,740,1235,Jamie + Marianne,3.6,35,11.8,26,2020,69,N,12.25,92,18,3,113,A,111149-111258,,,,,New break on tail,"2020,69",20_035
11/02/2020,4,740,1235,Jamie + Marianne,3.6,35,11.8,26,2020,70,N,6.75,80,30,35,145,A,111706-111836,,,,,Scar under chin,"2020,70",20_036
11/02/2020,4,740,1235,Jamie + Marianne,3.6,35,11.8,29,2020,71,N,5.25,89,88,11,188,A,112707-112820,,,,,,"2020,71",20_037
11/02/2020,4,740,1235,Jamie + Marianne,3.6,35,11.8,31,2020,72,N,5.75,70,29,0,99,A,113614-113719,,,,,Lost Tail,"2020,72",20_039
11/02/2020,4,740,1235,Jamie + Marianne,3.6,35,11.8,34,2020,73,N,8.25,72,86,3,161,A,115329-115752,,,,,,"2020,73",20_040
11/02/2020,4,740,1235,Jamie + Marianne,3.6,35,11.8,34,2020,74,N,6.3,70,88,0,158,A,120151-120225,,,,,,"2020,74",Not added
11/02/2020,4,740,1235,Jamie + Marianne,3.6,35,11.8,40,2020,75,N,14.25,89,90,0,179,A,122503-122549,,,,,,"2020,75",20_041
11/02/2020,4,740,1235,Jamie + Marianne,3.6,35,11.8,21,2020,97,N,1,45,50,0,95,N,100212-100256,,,,,Marked as 111,"2020,97",Not added
11/02/2020,4,740,1235,Jamie + Marianne,3.6,35,11.8,36,2020,98,N,0.5,38,51,0,89,N,121215-121344,,,,,Marked as 171,"2020,98",Not added
11/02/2020,4,740,1235,Jamie + Marianne,3.6,35,11.8,25,2020,99,N,1.25,44,50,0,94,N,105807-105901,,,,,Marked as dots on belly,"2020,99",Not added
11/02/2020,4,740,1235,Jamie + Marianne,3.6,35,11.8,23,2020,101,N,0.5,37,47,0,84,N,104341-104446,,,,,belly stripe neck to vent,"2,020,101",Not added
12/02/2020,5,745,1107,Jamie + Marianne + Film crew,8.9,36,11.7,2,2020,1,R,0,,,,0,A,,,,,,,"2020,1",19_027
12/02/2020,5,745,1107,Jamie + Marianne + Film crew,8.9,36,11.7,4,2020,3,R,0,,,,0,A,,,,,,,"2020,3",19_004
12/02/2020,5,745,1107,Jamie + Marianne + Film crew,8.9,36,11.7,19,2020,7,R,0,,,,0,A,,,,,,,"2020,7",20_003
12/02/2020,5,745,1107,Jamie + Marianne + Film crew,8.9,36,11.7,34,2020,36,R,0,,,,0,A,095752-100038,,,,,Photos taken before realising head dot was rubbed off but number on belly still intact,"2020,36",17_039
12/02/2020,5,745,1107,Jamie + Marianne + Film crew,8.9,36,11.7,3,2020,51,N,13.5,81,6,33,120,A,075322-075404,,,,,,"2020,51",20_042
12/02/2020,5,745,1107,Jamie + Marianne + Film crew,8.9,36,11.7,4,2020,52,N,12.75,88,89,0,177,A,080918-081013,,,,,"Tip of tail gone, no regen","2020,52",20_043
12/02/2020,5,745,1107,Jamie + Marianne + Film crew,8.9,36,11.7,18,2020,28,R,14.5,86,76,5,167,A,084848-084925,,,,,"Number gone, photos taken, Recent regain. New number. Number 28. 20_016","2020,28",20_016
12/02/2020,5,745,1107,Jamie + Marianne + Film crew,8.9,36,11.7,20,2020,54,N,15.8,92,50,26,168,A,090017-090714,,,,,Scar on left side of tail,"2020,54",20_044
12/02/2020,5,745,1107,Jamie + Marianne + Film crew,8.9,36,11.7,18,2020,66,R,0,,,,0,A,,,,,,,"2020,66",20_034
12/02/2020,5,745,1107,Jamie + Marianne + Film crew,8.9,36,11.7,23,2020,76,N,10.75,77,26,42,145,A,091452-091534,,,,,,"2020,76",19_023
12/02/2020,5,745,1107,Jamie + Marianne + Film crew,8.9,36,11.7,24,2020,77,N,0.9,39,52,0,91,N,092408-092459,,,,,mouse seen between trap 23/24,"2020,77",Not added
12/02/2020,5,745,1107,Jamie + Marianne + Film crew,8.9,36,11.7,31,2020,78,N,9.5,72,85,0,157,A,102747-102900,,,,,,"2020,78",19_010
12/02/2020,5,745,1107,Jamie + Marianne + Film crew,8.9,36,11.7,33,2020,21,R,18.5,92,50,31,173,A,105057-105123,,,,," number gone, No21? Renumbered","2020,21",17_013
12/02/2020,5,745,1107,Jamie + Marianne + Film crew,8.9,36,11.7,29,2020,80,N,7.5,74,91,0,165,A,110047-110207,,,,,,"2020,80",20_045
13/02/2020,6,740,1030,Jamie + Marianne,11.9,36,16.3,1,2020,1,R,0,,,,0,A,,,,,,,"2020,1",19_027
13/02/2020,6,740,1030,Jamie + Marianne,11.9,36,16.3,4,2020,3,R,0,,,,0,A,,,,,,,"2020,3",19_004
13/02/2020,6,740,1030,Jamie + Marianne,11.9,36,16.3,20,2020,10,R,0,,,,0,A,,,,,,Was marked as 64,"2020,10",18_030
13/02/2020,6,740,1030,Jamie + Marianne,11.9,36,16.3,20,2020,11,R,0,,,,0,A,,,,,,,"2020,11",18_008
13/02/2020,6,740,1030,Jamie + Marianne,11.9,36,16.3,3,2020,37,R,0,,,,0,A,,,,,,"Mostly seen at trap 35,36","2020,37",20_020
13/02/2020,6,740,1030,Jamie + Marianne,11.9,36,16.3,5,2020,52,R,0,,,,0,A,,,,,,,"2020,52",20_043
13/02/2020,6,740,1030,Jamie + Marianne,11.9,36,16.3,5,2020,58,R,0,,,,0,A,,,,,, ,"2020,58",20_030
13/02/2020,6,740,1030,Jamie + Marianne,11.9,36,16.3,32,2020,79,R,0,,,,0,A,,,,,,,"2020,79",
13/02/2020,6,740,1030,Jamie + Marianne,11.9,36,16.3,24,2020,80,R,0,78,91,0,169,A,093700-093839,,,,,photos taken remarked (pretty sure its 80),"2020,80",20_045
13/02/2020,6,740,1030,Jamie + Marianne,11.9,36,16.3,2,2020,81,N,7.25,67,90,0,157,A,074403-074619,,,,,"very different in colouration from its trap buddy, double check ","2020,81",
13/02/2020,6,740,1030,Jamie + Marianne,11.9,36,16.3,2,2020,82,N,7.75,68,92,0,160,A,075116-075433,,,,,Must be lakes skink but just double check,"2020,82",
13/02/2020,6,740,1030,Jamie + Marianne,11.9,36,16.3,3,2020,29,R,0,87,87,0,174,A,080635-080754,,,,,"Number gone, re-numbered","2020,29",
13/02/2020,6,740,1030,Jamie + Marianne,11.9,36,16.3,3,2020,84,N,10,78,26,27,131,A,081414-081655,,,,,Small belly scar,"2020,84",
13/02/2020,6,740,1030,Jamie + Marianne,11.9,36,16.3,12,2020,85,N,11.5,77,91,0,168,A,084541-084647,,,,,,"2020,85",
13/02/2020,6,740,1030,Jamie + Marianne,11.9,36,16.3,19,2020,86,N,15,92,103,0,195,A,085928-090548,,,,,Squiggly tail,"2020,86",
13/02/2020,6,740,1030,Jamie + Marianne,11.9,36,16.3,22,2020,87,N,11.25,81,30,28,139,A,091214-091301,,,,,Within regrowth another break 4mm,"2020,87",
13/02/2020,6,740,1030,Jamie + Marianne,11.9,36,16.3,22,2020,88,N,6.5,70,91,0,161,A,091406-091509,,,,,,"2020,88",
13/02/2020,6,740,1030,Jamie + Marianne,11.9,36,16.3,31,2020,89,N,5.5,20,83,0,103,A,101151-101237,,,,,,"2020,89",
14/02/2020,7,1000,1500,Jamie  ,11.3,36,15.9,5,2020,3,R,0,,,,0,A,,,,,,,"2020,3",
14/02/2020,7,1000,1500,Jamie  ,11.3,36,15.9,22,2020,7,R,0,,,,0,A,,,,,,,"2020,7",
14/02/2020,7,1000,1500,Jamie  ,11.3,36,15.9,11,2020,27,R,0,,,,0,A,,,,,,,"2020,27",
14/02/2020,7,1000,1500,Jamie  ,11.3,36,15.9,28,2020,32,R,0,,,,0,N,,,,,,,"2020,32",
14/02/2020,7,1000,1500,Jamie  ,11.3,36,15.9,35,2020,37,R,0,0,0,0,0,A,,,,,,,"2020,37",
14/02/2020,7,1000,1500,Jamie  ,11.3,36,15.9,3,2020,57,R,0,,,,0,A,,,,,,,"2020,57",
14/02/2020,7,1000,1500,Jamie  ,11.3,36,15.9,16,2020,62,R,0,75,73,10,158,A,,,,,,Recent tail break.,"2020,62",
14/02/2020,7,1000,1500,Jamie  ,11.3,36,15.9,37,2020,66,R,0,70,67,0,137,A,143318-143408,,,,,Fresh break at tail tip,"2020,66",
14/02/2020,7,1000,1500,Jamie  ,11.3,36,15.9,5,2020,90,N,12.5,82,101,0,183,A,104318-104418,,,,,,"2020,90",
14/02/2020,7,1000,1500,Jamie  ,11.3,36,15.9,14,2020,91,N,7,86,67,0,153,A,112804-112843,,,,,,"2020,91",
14/02/2020,7,1000,1500,Jamie  ,11.3,36,15.9,20,2020,92,N,NA,,,,NA,A,123818-123921,,,,,"Escaped, photos taken","2020,92",
14/02/2020,7,1000,1500,Jamie  ,11.3,36,15.9,24,2020,93,N,7.75,69,78,4,151,A,132023-132119,,,,,,"2020,93",
14/02/2020,7,1000,1500,Jamie  ,11.3,36,15.9,24,2020,94,N,7,66,55,15,136,A,132616-132716,,,,,,"2020,94",
14/02/2020,7,1000,1500,Jamie  ,11.3,36,15.9,30,2020,95,N,8.75,76,17,15,108,A,135243-135328,,,,,Another regen 17mm,"2020,95",
14/02/2020,7,1000,1500,Jamie  ,11.3,36,15.9,40,2020,96,N,NA,64,80,0,144,A,144726-144824,,,,,Escaped from weigh bag before getting weight. Photos taken.,"2020,96",
14/02/2020,7,1000,1500,Jamie  ,11.3,36,15.9,22,2020,97,R,0,,,,0,N,,,,,,Marked as 111,"2020,97",
14/02/2020,7,1000,1500,Jamie  ,11.3,36,15.9,34,2020,36,R,0,98,44,22,164,A,141757-141852,,,,,"Dot on head, photos taken 36?","2020,36",
15/02/2021,1,14:15,16:26,"SG, JS, JM, JG, ….",9.7,34.4,23.6,41,2021,1,N,17.5,93,86,0,179,A,,,,,,Female - pregnant,"2021,1",
15/02/2021,1,14:15,16:26,"SG, JS, JM, JG, ….",9.7,34.4,23.6,39,2021,2,N,2.5,40,50,C,90,A,,,,,,,"2021,2",
15/02/2021,1,14:15,16:26,"SG, JS, JM, JG, ….",9.7,34.4,23.6,34,2021,3,N,15,94,79,24,197,A,,,,,,Female,"2021,3",
15/02/2021,1,14:15,16:26,"SG, JS, JM, JG, ….",9.7,34.4,23.6,30,2021,4,N,8.5,79,59,4,142,A,,,,,,Female -pregnant,"2021,4",
15/02/2021,1,14:15,16:26,"SG, JS, JM, JG, ….",9.7,34.4,23.6,30,2021,5,N,6.5,63,66,,129,SA,,,,,,,"2021,5",
15/02/2021,1,14:15,16:26,"SG, JS, JM, JG, ….",9.7,34.4,23.6,23,2021,6,N,4.5,58,50,33,141,SA,,,,,,,"2021,6",
15/02/2021,1,14:15,16:26,"SG, JS, JM, JG, ….",9.7,34.4,23.6,20,2021,7,N,11.5,82,50,5,137,A,,,,,,,"2021,7",
15/02/2021,1,14:15,16:26,"SG, JS, JM, JG, ….",9.7,34.4,23.6,19,2021,8,N,6.5,70,68,C,138,SA,,,,,,,"2021,8",
15/02/2021,1,14:15,16:26,"SG, JS, JM, JG, ….",9.7,34.4,23.6,19,2021,9,N,5,70,44,4,118,SA,,,,,,,"2021,9",
15/02/2021,1,14:15,16:26,"SG, JS, JM, JG, ….",9.7,34.4,23.6,4,2021,10,N,6.5,66,85,C,151,SA,,,,,,,"2021,10",
15/02/2021,1,14:15,16:26,"SG, JS, JM, JG, ….",9.7,34.4,23.6,1,2021,11,N,2,47,58,C,105,N,,,,,,,"2021,11",
16/02/2021,2,12:27,14:30,"SG,JS,MM",6.9,25.2,10.1,36,2021,12,N,11,85,54,22,161,A,,,,,,Female - Pregnant,"2021,12",
16/02/2021,2,12:27,14:30,"SG,JS,MM",6.9,25.2,10.1,34,2021,13,N,11,80,21,47,148,A,,,,,,Female - Pregnant,"2021,13",
16/02/2021,2,12:27,14:30,"SG,JS,MM",6.9,25.2,10.1,21,2021,14,N,15,85,10,38,133,A,,,,,,Female - Pregnant. Missing front right foot but still has inner toe.,"2021,14",
16/02/2021,2,12:27,14:30,"SG,JS,MM",6.9,25.2,10.1,20,2021,15,N,16,83,80,7,170,A,,,,,,,"2021,15",
16/02/2021,2,12:27,14:30,"SG,JS,MM",6.9,25.2,10.1,17,2021,16,N,14,84,96,0,180,A,,,,,,,"2021,16",
16/02/2021,2,12:27,14:30,"SG,JS,MM",6.9,25.2,10.1,6,2021,17,N,18,92,89,4,185,A,,,,,,,"2021,17",
16/02/2021,2,12:27,14:30,"SG,JS,MM",6.9,25.2,10.1,2,2021,18,N,16,90,80,14,184,A,,,,,,,"2021,18",
18/02/2021,4,8:40,10:27,"JS, MM",4.2,30.6,14.4,36,2021,19,N,7,72,89,,161,SA,,,,,,,"2021,19",
18/02/2021,4,8:40,10:27,"JS, MM",4.2,30.6,14.4,34,2021,20,N,5,65,80,,145,A,,,,,,,"2021,20",
18/02/2021,4,8:40,10:27,"JS, MM",4.2,30.6,14.4,28,2021,21,N,1.5,40,53,,93,N,,,,,,,"2021,21",
18/02/2021,4,8:40,10:27,"JS, MM",4.2,30.6,14.4,13,2021,22,N,17,101,26,52,179,A,,,,,,Red mite on head of skink,"2021,22",
18/02/2021,4,8:40,10:27,"JS, MM",4.2,30.6,14.4,2,2021,23,N,19,96,108,,204,A,,,,,,"A bit of a kink on tip of the tail, looks like extra scale? Photo taken.","2021,23",
19/02/2021,5,9:20,12:20,"JS, MM",5.7,36.5,26.4,36,2021,24,N,13,80,106,C,186,A,,,,,,Fresh scar on tail (see photos),"2021,24",
19/02/2021,5,9:20,12:20,"JS, MM",5.7,36.5,26.4,36,2021,25,N,6,68,79,C,147,SA,,,,,,,"2021,25",
19/02/2021,5,9:20,12:20,"JS, MM",5.7,36.5,26.4,34,2021,26,N,10.5,76,22,48,146,A,,,,,,Shedding scales,"2021,26",
19/02/2021,5,9:20,12:20,"JS, MM",5.7,36.5,26.4,34,2021,27,N,10.5,73,65,13,151,A,,,,,,Scar on its back,"2021,27",
19/02/2021,5,9:20,12:20,"JS, MM",5.7,36.5,26.4,33,2021,28,N,8.5,75,54,17,146,SA,,,,,,,"2021,28",
19/02/2021,5,9:20,12:20,"JS, MM",5.7,36.5,26.4,33,2021,29,N,6.5,71,39,25,135,SA,,,,,,,"2021,29",
19/02/2021,5,9:20,12:20,"JS, MM",5.7,36.5,26.4,33,2021,30,N,7,64,84,C,148,SA,,,,,,Small scar on top of tail (see photo),"2021,30",
19/02/2021,5,9:20,12:20,"JS, MM",5.7,36.5,26.4,26,2021,31,N,10,74,63,0,137,A,,,,,,Lost tip of tail,"2021,31",
19/02/2021,5,9:20,12:20,"JS, MM",5.7,36.5,26.4,15,2021,32,N,10.5,82,36,36,154,A,,,,,,,"2021,32",
19/02/2021,5,9:20,12:20,"JS, MM",5.7,36.5,26.4,15,2021,33,N,16,90,15,43,148,A,,,,,,,"2021,33",
19/02/2021,5,9:20,12:20,"JS, MM",5.7,36.5,26.4,10,2021,34,N,10.5,82,40,27,149,A,,,,,,,"2021,34",
19/02/2021,5,9:20,12:20,"JS, MM",5.7,36.5,26.4,7,2021,35,N,8,75,91,C,166,SA,,,,,,Kink at end of the tail,"2021,35",
19/02/2021,5,9:20,12:20,"JS, MM",5.7,36.5,26.4,6,2021,17,R,,,,,,A,,,,,,,"2021,17",
19/02/2021,5,9:20,12:20,"JS, MM",5.7,36.5,26.4,4,2021,36,N,11.5,85,12,51,148,A,,,,,,,"2021,36",
19/02/2021,5,9:20,12:20,"JS, MM",5.7,36.5,26.4,4,2021,37,N,11.5,81,83,C,164,A,,,,,,,"2021,37",
19/02/2021,5,9:20,12:20,"JS, MM",5.7,36.5,26.4,2,2021,38,N,19,88,15,49,152,A,,,,,,Pregnant?,"2021,38",
20/02/2021,6,8:50,11:00,"SG, MM",7.2,39.6,22.9,39,2021,39,N,15,82,89,C,171,A,,,,,,,"2021,39",
20/02/2021,6,8:50,11:00,"SG, MM",7.2,39.6,22.9,37,2021,No number given ,N,,42,42,C,84,N,,,,,,No number/measurements or weight taken as looked like a newly born and distressed,"2021,No number given ",
20/02/2021,6,8:50,11:00,"SG, MM",7.2,39.6,22.9,34,2021,40,N,14,92,55,23,170,A,,,,,,,"2021,40",
20/02/2021,6,8:50,11:00,"SG, MM",7.2,39.6,22.9,33,2021,41,N,8,73,80,C,153,SA,,,,,,,"2021,41",
20/02/2021,6,8:50,11:00,"SG, MM",7.2,39.6,22.9,32,2021,23,R,,,,,,SA,,,,,,,"2021,23",
20/02/2021,6,8:50,11:00,"SG, MM",7.2,39.6,22.9,29,2021,42,N,6.5,65,20,10,95,SA,,,,,,,"2021,42",
20/02/2021,6,8:50,11:00,"SG, MM",7.2,39.6,22.9,22,2021,43,N,11,76,20,28,124,A,,,,,,"Fat, looks pregnant","2021,43",
20/02/2021,6,8:50,11:00,"SG, MM",7.2,39.6,22.9,21,2021,44,N,14,87,12,40,139,A,,,,,,Fat/ stumpy tail,"2021,44",
20/02/2021,6,8:50,11:00,"SG, MM",7.2,39.6,22.9,19,2021,45,N,4.5,61,30,19,110,SA,,,,,,,"2021,45",
20/02/2021,6,8:50,11:00,"SG, MM",7.2,39.6,22.9,13,2021,17,R,,,,,,A,,,,,,,"2021,17",
20/02/2021,6,8:50,11:00,"SG, MM",7.2,39.6,22.9,1,2021,46,N,4.5,62,12,20,94,N OR SA?,,,,,,See extra photo of belly. Not sure if yolk sac scar or recently gave birth?,"2021,46",
21/02/2021,7,7:31,9:40,"SG, JS.",7.7,37.9,19.2,36,2021,47,N,7.5,73,72,C,145,SA,,,,,,,"2021,47",
21/02/2021,7,7:31,9:40,"SG, JS.",7.7,37.9,19.2,34,2021,26,R,,84,22,46,152,A,,,,,,Number hard to see. Measurements correspond to TID#13 caught in trap#34 on 16/02,"2021,26",
21/02/2021,7,7:31,9:40,"SG, JS.",7.7,37.9,19.2,34,2021,48,N,2.5,47,63,C,110,N,,,,,,,"2021,48",
21/02/2021,7,7:31,9:40,"SG, JS.",7.7,37.9,19.2,29,2021,49,N,10,76,40,5,,SA,,,,,,,"2021,49",
21/02/2021,7,7:31,9:40,"SG, JS.",7.7,37.9,19.2,29,2021,50,N,16,86,70,22,178,A,,,,,,,"2021,50",
21/02/2021,7,7:31,9:40,"SG, JS.",7.7,37.9,19.2,24,2021,51,N,15.5,84,41,31,156,A,,,,,,,"2021,51",
21/02/2021,7,7:31,9:40,"SG, JS.",7.7,37.9,19.2,22,2021,52,N,4,55,14,30,99,N,,,,,,,"2021,52",
21/02/2021,7,7:31,9:40,"SG, JS.",7.7,37.9,19.2,21,2021,15,R,,87,78,8,173,A,,,,,,"Very likely to TID#15, similar measurements","2021,15",
21/02/2021,7,7:31,9:40,"SG, JS.",7.7,37.9,19.2,16,2021,32,R,,,,,,,,,,,,,"2021,32",
21/02/2021,7,7:31,9:40,"SG, JS.",7.7,37.9,19.2,16,2021,53,N,15.5,98,54,17,169,A,,,,,,,"2021,53",
21/02/2021,7,7:31,9:40,"SG, JS.",7.7,37.9,19.2,16,2021,54,N,9,71,100,C,171,A,,,,,,,"2021,54",
21/02/2021,7,7:31,9:40,"SG, JS.",7.7,37.9,19.2,12,2021,55,N,9.5,78,77,2,157,A,,,,,,,"2021,55",
21/02/2021,7,7:31,9:40,"SG, JS.",7.7,37.9,19.2,2,2021,56,N,7,63,90,C,153,SA,,,,,,,"2021,56",
21/02/2021,7,7:31,9:40,"SG, JS.",7.7,37.9,19.2,2,2021,57,N,10,78,32,35,145,A,,,,,,,"2021,57",
9/02/2022,1,8:30,11:30,ST + JS,14.4/13.3,30.2/33.8,15.0/14.4,2,2022,1,N,18.5,100,92,12,204,A,,,,,,Female,"2022,1",
9/02/2022,1,8:30,11:30,ST + JS,14.4/13.3,30.2/33.8,15.0/14.4,2,2022,2,N,10,80,87,C,167,A,,,,,,F?,"2022,2",
9/02/2022,1,8:30,11:30,ST + JS,14.4/13.3,30.2/33.8,15.0/14.4,4,2022,3,N,6,68,87,C,155,Sub-A,,,,,,sex?,"2022,3",
9/02/2022,1,8:30,11:30,ST + JS,14.4/13.3,30.2/33.8,15.0/14.4,6,2022,4,N,11.5,81,103,C,184,A,,,,,,F?,"2022,4",
9/02/2022,1,8:30,11:30,ST + JS,14.4/13.3,30.2/33.8,15.0/14.4,6,2022,5,N,12.5,83,102,C,185,A,,,,,,scar on ventral side (photos); F?,"2022,5",
9/02/2022,1,8:30,11:30,ST + JS,14.4/13.3,30.2/33.8,15.0/14.4,21,2022,7,N,9.5,89,55,20,164,A,,,,,,F?,"2022,7",
9/02/2022,1,8:30,11:30,ST + JS,14.4/13.3,30.2/33.8,15.0/14.4,21,2022,8,N,8.3,73,26,39,138,Sub-A,,,,,,,"2022,8",
9/02/2022,1,8:30,11:30,ST + JS,14.4/13.3,30.2/33.8,15.0/14.4,21,2022,9,N,15,88,71,13,172,A,,,,,,3rd & 4th digits missing (Rear right foot) ,"2022,9",
9/02/2022,1,8:30,11:30,ST + JS,14.4/13.3,30.2/33.8,15.0/14.4,29,2022,10,N,15.5,90,65,21,176,A,,,,,,,"2022,10",
9/02/2022,1,8:30,11:30,ST + JS,14.4/13.3,30.2/33.8,15.0/14.4,34,2022,11,N,12,91,39,28,158,A,,,,,,F?,"2022,11",
9/02/2022,1,8:30,11:30,ST + JS,14.4/13.3,30.2/33.8,15.0/14.4,34,2022,12,N,13.5,86,91,5,182,A,,,,,,M?,"2022,12",
9/02/2022,1,8:30,11:30,ST + JS,14.4/13.3,30.2/33.8,15.0/14.4,34,2022,13,N,11.5,80,65,27,172,A,,,,,,scar on head,"2022,13",
9/02/2022,1,8:30,11:30,ST + JS,14.4/13.3,30.2/33.8,15.0/14.4,35,2022,14,N,9,70,48,13,131,Sub-A,,,,,,,"2022,14",
9/02/2022,1,8:30,11:30,ST + JS,14.4/13.3,30.2/33.8,15.0/14.4,36,2022,15,N,14,91,87,C,178,A,,,,,,,"2022,15",
11/02/2022,2,9:15,10:53,ST + JS,9.9/7.9,28.2/35.1,14/22,3,2022,16,N,11.5,81,69,10,160,A,,,,,,switched to cloth bag (35g),"2022,16",
11/02/2022,2,9:15,10:53,ST + JS,9.9/7.9,28.2/35.1,14/22,24,2022,17,N,8.5,87,75,C,162,A,,,,,,,"2022,17",
11/02/2022,2,9:15,10:53,ST + JS,9.9/7.9,28.2/35.1,14/22,40,2022,19,N,10.5,91,93,C,184,A,,,,,,,"2022,19",
12/02/2022,3,8:50,11:00,ST + JS,14.1/11.9,34.4/38.2,15.9/17,16,2022,20,N,18.5,100,53,23,176,A,,,,,,,"2022,20",
12/02/2022,3,8:50,11:00,ST + JS,14.1/11.9,34.4/38.2,15.9/17,21,2022,9,R,,,,,,N,,,,,,remarked - it was the one with missing toes,"2022,9",
12/02/2022,3,8:50,11:00,ST + JS,14.1/11.9,34.4/38.2,15.9/17,34,2022,13,R,,,,,,N,,,,,,1st recapture,"2022,13",
12/02/2022,3,8:50,11:00,ST + JS,14.1/11.9,34.4/38.2,15.9/17,39,2022,21,N,10,76,74,1,151,Sub-A,,,,,,scar under chin,"2022,21",
12/02/2022,3,8:50,11:00,ST + JS,14.1/11.9,34.4/38.2,15.9/17,39,2022,,N,1.5,43,54,C,97,N,,,,,,,2022,
12/02/2022,3,8:50,11:00,ST + JS,14.1/11.9,34.4/38.2,15.9/17,41,2022,22,N,10.75,79,74,7,160,A,,,,,,opening PF - so caught between 13th & 14th ,"2022,22",
14/02/2022,3A,8:15,9:50,ST + JS,8.2/6.5,26.4/31.1,10.4/9.6,21,2022,23,N,8.5,78,35,35,148,Sub-A,,,,,,"5th digit missing (right, rear foot)","2022,23",
14/02/2022,3A,8:20,10:50,ST + JS,NA,NA,12.9/11.6,21,2022,24,N,5,64,53,14,131,Sub-A,,,,,,,"2022,24",
14/02/2022,3A,11:12,13:40,ST + JS,8.9/7.4,29.6/34.2,17.2/19.2,30,2022,25,N,9.5,80,95,C,175,A,,,,,,,"2022,25",
15/02/2022,4,11:50,13:55,ST + JS,6.9/5.4,29.4/32.6,22.8/29.5,1,2022,26,N,6.25,67,81,C,148,Sub-A,,,,,,,"2022,26",
16/02/2022,5,8:20,10:50,ST + JS,NA,NA,12.9/11.6,34,2022,13,R,12,81,65,27,173,A,,,,,,"2rd recapture; likely F; number gone; scar on chest, head and behind Right foreleg) - need to confirm with photos","2022,13",
16/02/2022,5,8:20,10:50,ST + JS,NA,NA,12.9/11.6,23,2022,27,N,14.5,86,34,35,155,A,,,,,,scar on chest (under left foreleg),"2022,27",
16/02/2022,5,8:20,10:50,ST + JS,NA,NA,12.9/11.6,18,2022,28,N,18,99,67,23,189,A,,,,,,No photos,"2022,28",
16/02/2022,5,8:20,10:50,ST + JS,NA,NA,12.9/11.6,13,2022,29,N,,79,71,11,161,A,,,,,,"lots of scars on tail, right abdomen & back ; right foreleg might be broken (was barely using it)","2022,29",
16/02/2022,5,8:20,10:50,ST + JS,NA,NA,12.9/11.6,13,2022,30,N,12,85,25,42,152,A,,,,,,,"2022,30",
16/02/2022,5,8:20,10:50,ST + JS,NA,NA,12.9/11.6,5,2022,31,N,11.5,82,87,C,169,A,,,,,,scar on chin,"2022,31",
16/02/2022,5,8:20,10:50,ST + JS,NA,NA,12.9/11.6,2,2022,32,N,8.5,77,94,C,171,Sub-A,,,,,,,"2022,32",
16/02/2022,5,8:20,10:50,ST + JS,NA,NA,12.9/11.6,1,2022,33,N,16,95,120,47,262,A,,,,,,,"2022,33",
17/02/2022,6,11:12,13:40,ST + JS,8.9/7.4,29.6/34.2,17.2/19.2,39,2022,34,N,,,,,,N,,,,,,,"2022,34",
17/02/2022,6,11:12,13:40,ST + JS,8.9/7.4,29.6/34.2,17.2/19.2,32,2022,35,N,16.5,89,82,9,180,A,,,,,,Male; 3rd digit missing (left rear foot),"2022,35",
17/02/2022,6,11:12,13:40,ST + JS,8.9/7.4,29.6/34.2,17.2/19.2,32,2022,36,N,10,77,54,23,154,Sub-A,,,,,,,"2022,36",
17/02/2022,6,11:12,13:40,ST + JS,8.9/7.4,29.6/34.2,17.2/19.2,23,2022,37,R,,84,43,31,158,A,,,,,,mark only left on head; missing 2nd & 3rd digits (right front foot); mites in ears - NEED to check photos to see if it's a recapture,"2022,37",
17/02/2022,6,11:12,13:40,ST + JS,8.9/7.4,29.6/34.2,17.2/19.2,17,2022,38,N,15,95,67,18,180,A,,,,,,gravid - might have given birth recently,"2022,38",
17/02/2022,6,11:12,13:40,ST + JS,8.9/7.4,29.6/34.2,17.2/19.2,15,2022,39,N,15,90,17,51,158,A,,,,,,,"2022,39",
17/02/2022,6,11:12,13:40,ST + JS,8.9/7.4,29.6/34.2,17.2/19.2,12,2022,40,N,10.5,80,45,33,158,A,,,,,,,"2022,40",
17/02/2022,6,11:12,13:40,ST + JS,8.9/7.4,29.6/34.2,17.2/19.2,3,2022,41,N,16,97,81,7,185,A,,,,,,"possibly a recapture// No, 19_040","2022,41",
17/02/2022,6,11:12,13:40,ST + JS,8.9/7.4,29.6/34.2,17.2/19.2,2,2022,42,N,12,78,78,12,168,Sub-A,,,,,,,"2022,42",
18/02/2022,7,11:50,13:55,ST + JS,6.9/5.4,29.4/32.6,22.8/29.5,34,2022,43,N,15,90,58,23,171,A,,,,,,,"2022,43",
18/02/2022,7,11:50,13:55,ST + JS,6.9/5.4,29.4/32.6,22.8/29.5,34,2022,44,N,12.5,88,38,29,155,A,,,,,,"scar on right side of mouth, right dorsolateral abdomne & above left rear leg","2022,44",
18/02/2022,7,11:50,13:55,ST + JS,6.9/5.4,29.4/32.6,22.8/29.5,23,2022,45,N,13.5,92,44,31,167,A,,,,,,"scars on nose, left hind leg and left foreleg","2022,45",
18/02/2022,7,11:50,13:55,ST + JS,6.9/5.4,29.4/32.6,22.8/29.5,21,2022,9,R,,,,,,N,,,,,,,"2022,9",
18/02/2022,7,11:50,13:55,ST + JS,6.9/5.4,29.4/32.6,22.8/29.5,21,2022,46,N,16.5,92,69,7,168,A,,,,,,,"2022,46",
30/01/2023,1,9:20,14:41,ST + TG + LA,13.3/13.3,48.2/32.9,19.9/20.1,4,2023,2,N,10,76,80,3,159,,,,,,,,"2023,2",
30/01/2023,1,9:20,14:41,ST + TG + LA,13.3/13.3,48.2/32.9,19.9/20.1,7,2023,3,N,8,75,,C,168,,,,,,,,"2023,3",
30/01/2023,1,9:20,14:41,ST + TG + LA,13.3/13.3,48.2/32.9,19.9/20.1,16,2023,4,N,20,105,55,28,188,,,,,,,missing 5th digit (backleft). Resexed as female when recaptured on the 1st Feb 2022.,"2023,4",
30/01/2023,1,9:20,14:41,ST + TG + LA,13.3/13.3,48.2/32.9,19.9/20.1,18,2023,5,N,7.5,70,,C,161,,,,,,,,"2023,5",
30/01/2023,1,9:20,14:41,ST + TG + LA,13.3/13.3,48.2/32.9,19.9/20.1,19,2023,6,N,8.5,74,71,3,148,,,,,,,,"2023,6",
30/01/2023,1,9:20,14:41,ST + TG + LA,13.3/13.3,48.2/32.9,19.9/20.1,19,2023,1001,N,1,45,,C,102,,,,,,,,"20,231,001",
30/01/2023,1,9:20,14:41,ST + TG + LA,13.3/13.3,48.2/32.9,19.9/20.1,20,2023,7,N,6.5,68,,C,152,,,,,,,Photos taken of vent; missing back left 1st digit.,"2023,7",
30/01/2023,1,9:20,14:41,ST + TG + LA,13.3/13.3,48.2/32.9,19.9/20.1,21,2023,8,N,7,69,35,24,128,,,,,,,Photo of vent,"2023,8",
30/01/2023,1,9:20,14:41,ST + TG + LA,13.3/13.3,48.2/32.9,19.9/20.1,23,2023,9,N,6.5,68,,C,154,,,,,,,"unable to sex, vent photos","2023,9",
30/01/2023,1,9:20,14:41,ST + TG + LA,13.3/13.3,48.2/32.9,19.9/20.1,24,2023,10,N,6,69,,C,137,,,,,,,,"2023,10",
30/01/2023,1,9:20,14:41,ST + TG + LA,13.3/13.3,48.2/32.9,19.9/20.1,26,2023,11,N,13,93,22,48,163,,,,,,,,"2023,11",
30/01/2023,1,9:20,14:41,ST + TG + LA,13.3/13.3,48.2/32.9,19.9/20.1,26,2023,12,N,6,71,68,1,140,,,,,,,Photo of vent,"2023,12",
30/01/2023,1,9:20,14:41,ST + TG + LA,13.3/13.3,48.2/32.9,19.9/20.1,29,2023,13,N,17,96,69,26,191,,,,,,,,"2023,13",
30/01/2023,1,9:20,14:41,ST + TG + LA,13.3/13.3,48.2/32.9,19.9/20.1,35,2023,14,N,20.5,99,56,31,186,,,,,,,"we thought female, took vent photos. Marieke saw a pic and says fat pregnant female","2023,14",
30/01/2023,1,9:20,14:41,ST + TG + LA,13.3/13.3,48.2/32.9,19.9/20.1,41,2023,15,N,14,83,24,41,148,,,,,,,missing 4th digit (backright),"2023,15",
31/01/2023,2,,,,,,,2,2023,16,N,15,88,54,31,173,,,,,,,"Not sure on the sex, likely F  pics taken; moulting.","2023,16",
31/01/2023,2,,,,,,,3,2023,17,N,14.5,85,60,26,171,,,,,,,Photos of vent.,"2023,17",
31/01/2023,2,,,,,,,4,2023,18,N,9,74,95,C,169,,,,,,,"unsure of sex.""round"" tail pics taken.","2023,18",
31/01/2023,2,,,,,,,5,2023,19,N,13.5,84,75,7,166,,,,,,,,"2023,19",
31/01/2023,2,,,,,,,16,2023,20,N,5,63,77,C,140,,,,,,,scar on nose,"2023,20",
31/01/2023,2,,,,,,,22,2023,1002,N,1,42,,C,92,,,,,,,,"20,231,002",
31/01/2023,2,,,,,,,23,2023,21,N,5,75,35,35,145,,,,,,,moulting,"2023,21",
31/01/2023,2,,,,,,,26,2023,22,N,14,89,43,C,160,,,,,,,photos,"2023,22",
31/01/2023,2,,,,,,,29,2023,23,N,12,82,66,14,162,,,,,,,lots of photos.,"2023,23",
31/01/2023,2,,,,,,,29,2023,24,N,11.5,81,61,2,144,,,,,,,Small regen nubb. ,"2023,24",
31/01/2023,2,,,,,,,35,2023,14,R,,,,,,,,,,,,1st recapture,"2023,14",
31/01/2023,2,,,,,,,38,2023,25,N,15,94,66,18,178,,,,,,,moulting,"2023,25",
31/01/2023,2,,,,,,,41,2023,26,N,16,85,85,6,176,,,,,,,,"2023,26",
1/02/2023,3,8:50,10:40,ST + TG + LA + SB,15.1/14.5,35.7/31.5,18.4/18.4,4,2023,27,N,12,85,20,55,160,,,,,,,,"2023,27",
1/02/2023,3,8:50,10:40,ST + TG + LA + SB,15.1/14.5,35.7/31.5,18.4/18.4,17,2023,1003,N,1.5,42,43,0.1,85.1,,,,,,,"lost tip, yolk sac scar","20,231,003",
1/02/2023,3,8:50,10:40,ST + TG + LA + SB,15.1/14.5,35.7/31.5,18.4/18.4,20,2023,4,R,,,,,,,,,,,,Recaptured once. Resexed as female; lots of photos. Remarked with silver temporary mark.,"2023,4",
1/02/2023,3,8:50,10:40,ST + TG + LA + SB,15.1/14.5,35.7/31.5,18.4/18.4,20,2023,7,R,,,,,,,,,,,,1st recapture,"2023,7",
2/02/2023,4,8:40,11:20,ST + TG,14.7/14.1,25.6/27.2,19.0/18.7,16,2023,28,N,4.5,65,51,12,128,,,,,,,Gravid female (or might be the gecko); 2 huntsman spiders.,"2023,28",
2/02/2023,4,8:40,11:20,ST + TG,14.7/14.2,25.6/27.3,19.0/18.8,19,2023,29,N,16.5,98,40,42,180,,,,,,,,"2023,29",
2/02/2023,4,8:40,11:20,ST + TG,14.7/14.3,25.6/27.4,19.0/18.9,22,2023,7,R,,,,,,,,,,,,2nd recapture  remarked.,"2023,7",
2/02/2023,4,8:40,11:20,ST + TG,14.7/14.5,25.6/27.6,19.0/18.11,30,2023,30,N,10..5,79,1,34,154,,,,,,,,"2023,30",
2/02/2023,4,8:40,11:20,ST + TG,14.7/14.9,25.6/27.10,19.0/18.15,35,2023,14,R,,,,,,,,,,,,2nd recapture  remarked.,"2023,14",
2/02/2023,4,8:40,11:20,ST + TG,14.7/14.10,25.6/27.11,19.0/18.16,35,2023,31,N,7,72,55,18,145,,,,,,,,"2023,31",
2/02/2023,4,8:40,11:20,ST + TG,14.7/14.15,25.6/27.16,19.0/18.21,41,2023,32,N,5.5,65,46,21,132,,,,,,,chin scars,"2023,32",
3/02/2023,5,9:40,12:30,ST + TG,13.9/13.8,22.9/233,16.6/16.11,29,2023,30,R,,,,,,,,,,,,Recaptured once,"2023,30",
3/02/2023,5,9:40,12:30,ST + TG,13.9/13.9,22.9/234,16.6/16.12,29,2023,23,R,,,,,,,,,,,,Recaptured once,"2023,23",
3/02/2023,5,9:40,12:30,ST + TG,13.9/13.12,22.9/237,16.6/16.15,36,2023,14,R,,,,,,,,,,,,3rd recapture. Poop on pitfall lid,"2023,14",
3/02/2023,5,9:40,12:30,ST + TG,13.9/13.15,22.9/240,16.6/16.18,41,2023,33,N,12.5,87,77,10,174,,,,,,,Saw a small active mouse in the porcupine shrub nearby.,"2023,33",
4/02/2023,6,13:25,18:10,ST + TG,11.2/11.2,43.0/34.10,31.6/33.6,3,2023,34,N,15.5,92,74,13,179,,,,,,,,"2023,34",
4/02/2023,6,13:25,18:10,ST + TG,11.2/11.4,43.0/34.12,31.6/33.8,18,2023,35,N,19.5,98,65,27,190,,,,,,,,"2023,35",
4/02/2023,6,13:25,18:10,ST + TG,11.2/11.7,43.0/34.15,31.6/33.11,20,2023,36,N,22,93,40,40,171,,,,,,,missing 1st digit (frontleft). Looks gravid. ,"2023,36",
4/02/2023,6,13:25,18:10,ST + TG,11.2/11.8,43.0/34.16,31.6/33.12,20,2023,37,N,16,91,28,47,166,,,,,,,,"2023,37",
4/02/2023,6,13:25,18:10,ST + TG,11.2/11.9,43.0/34.17,31.6/33.13,20,2023,38,N,13.5,90,65,24,179,,,,,,,looks more slender then the other 2 in pitfall 20 (maybe had babies),"2023,38",
4/02/2023,6,13:25,18:10,ST + TG,11.2/11.10,43.0/34.18,31.6/33.14,21,2023,39,N,17,93,70,20,183,,,,,,,missing digits (backright); random tail regen.,"2023,39",
4/02/2023,6,13:25,18:10,ST + TG,11.2/11.11,43.0/34.19,31.6/33.15,23,2023,40,N,6.5,69,,C,159,,,,,,,,"2023,40",
4/02/2023,6,13:25,18:10,ST + TG,11.2/11.12,43.0/34.20,31.6/33.16,24,2023,41,N,18,95,26,45,166,,,,,,,gravid,"2023,41",
4/02/2023,6,13:25,18:10,ST + TG,11.2/11.13,43.0/34.21,31.6/33.17,24,2023,42,N,15,90,38,31,159,,,,,,,,"2023,42",
4/02/2023,6,13:25,18:10,ST + TG,11.2/11.14,43.0/34.22,31.6/33.18,24,2023,22,R,13,,,,,,,,,,,"Recaptured once. Photos taken of number, reweighed.","2023,22",
4/02/2023,6,13:25,18:10,ST + TG,11.2/11.15,43.0/34.23,31.6/33.19,24,2023,43,N,7.5,74,,C,164,,,,,,,Very spotty chocolate brown,"2023,43",
4/02/2023,6,13:25,18:10,ST + TG,11.2/11.16,43.0/34.24,31.6/33.20,24,2023,44,N,2,46,,C,105,,,,,,,,"2023,44",
4/02/2023,6,13:25,18:10,ST + TG,11.2/11.18,43.0/34.26,31.6/33.22,29,2023,45,N,10,78,25,50,153,,,,,,,,"2023,45",
4/02/2023,6,13:25,18:10,ST + TG,11.2/11.21,43.0/34.29,31.6/33.25,35,2023,14,R,20,,,,,,,,,,,4th recapture.,"2023,14",
4/02/2023,6,13:25,18:10,ST + TG,11.2/11.22,43.0/34.30,31.6/33.26,35,2023,46,N,8,71,,C,164,,,,,,,,"2023,46",
4/02/2023,6,13:25,18:10,ST + TG,11.2/11.23,43.0/34.31,31.6/33.27,36,2023,47,N,16.5,95,48,37,180,,,,,,,missing 5th digit (backright),"2023,47",
4/02/2023,6,13:25,18:10,ST + TG,11.2/11.27,43.0/34.35,31.6/33.31,37,2023,48,N,1.5,43,59,,59,,,,,,,,"2023,48",
4/02/2023,6,13:25,18:10,ST + TG,11.2/11.30,43.0/34.38,31.6/33.34,41,2023,49,N,14.5,85,68,24,177,,,,,,,"missing 3rd, 4th, 5th digit (frontright)","2023,49",
17/02/2024,1,,,,,,,2,2024,1,N,9,73,,,163,sa,,,,,,,"2024,1",24_001
17/02/2024,1,,,,,,,4,2024,2,N,14.5,92,19,58,169,a,,,,,,,"2024,2",23_020
17/02/2024,1,,,,,,,16,2024,3,N,19.5,106,60,28,194,a,,,,,,,"2024,3",22_010
17/02/2024,1,,,,,,,26,2024,4,N,9,86,45,31,162,a,,,,,,,"2024,4",23_016
17/02/2024,1,,,,,,,26,2024,5,N,5.5,67,,,146,sa,,,,,,,"2024,5",24_002
17/02/2024,1,,,,,,,32,2024,6,N,9.5,78,,,174,sa,,,,,,,"2024,6",24_003
17/02/2024,1,,,,,,,32,2024,7,N,12,83,72,12,167,a,,,,,,,"2024,7",24_004
17/02/2024,1,,,,,,,35,2024,8,N,16.5,94,35,42,171,a,,,,,,,"2024,8",23_010
17/02/2024,1,,,,,,,36,2024,9,N,5,62,21,29,112,j,,,,,,,"2024,9",24_005
17/02/2024,1,,,,,,,41,2024,10,N,16.5,94,75,8,177,a,,,,,,,"2024,10",24_006
18/02/2024,2,,,,,,,16,2024,3,R,,,,,,,,,,,,,"2024,3",22_010
18/02/2024,2,,,,,,,41,2024,11,N,14,84,81,9,174,a,,,,,,,"2024,11",22_011
18/02/2024,2,,,,,,,36,2024,12,N,5,61,,,146,sa,,,,,,,"2024,12",24_007
18/02/2024,2,,,,,,,35,2024,13,N,14,75,,,171,sa,,,,,,,"2024,13",20_020
18/02/2024,2,,,,,,,27,2024,14,N,5.5,62,,,132,sa,,,,,,,"2024,14",24_008
18/02/2024,2,,,,,,,20,2024,15,N,15.5,87,68,12,167,a,,,,,,,"2024,15",18_029
18/02/2024,2,,,,,,,18,2024,16,N,18,95,67,25,187,a,,,,,,,"2024,16",20_023
18/02/2024,2,,,,,,,3,2024,17,N,19,91,79,15,185,a,,,,,,,"2024,17",22_008
18/02/2024,2,,,,,,,2,2024,18,N,19,73,,,161,sa,,,,,,,"2024,18",24_009
19/02/2024,3,,,,,,,16,2024,3,R,,,,,,,,,,,,,"2024,3",
19/02/2024,3,,,,,,,35,2024,8,R,,,,,,,,,,,,,"2024,8",
19/02/2024,3,,,,,,,18,2024,16,R,,,,,,,,,,,,,"2024,16",
19/02/2024,3,,,,,,,2,2024,19,N,16,97,59,29,185,a,,,,,,,"2024,19",
19/02/2024,3,,,,,,,3,2024,20,N,15.5,89,68,12,179,a,,,,,,,"2024,20",
19/02/2024,3,,,,,,,16,2024,21,N,5.5,70,29,28,127,sa,,,,,,,"2024,21",
19/02/2024,3,,,,,,,23,2024,22,N,10,78,55,24,157,a,,,,,,,"2024,22",
19/02/2024,3,,,,,,,24,2024,23,N,12.5,85,38,33,156,a,,,,,,,"2024,23",
19/02/2024,3,,,,,,,25,2024,24,N,,,,,,,,,,,,Escaped,"2024,24",
19/02/2024,3,,,,,,,34,2024,25,N,12.5,87,66,27,180,a,,,,,,,"2024,25",
19/02/2024,3,,,,,,,37,2024,26,N,14,96,60,31,187,a,,,,,,,"2024,26",
19/02/2024,3,,,,,,,39,2024,27,N,16.5,90,77,13,180,a,,,,,,,"2024,27",
20/02/2024,4,,,,,,,36,2024,13,R,,,,,,,,,,,,,"2024,13",
20/02/2024,4,,,,,,,2,2024,17,R,,,,,,,,,,,,,"2024,17",
20/02/2024,4,,,,,,,27,2024,23,R,,,,,,,,,,,,,"2024,23",
20/02/2024,4,,,,,,,34,2024,28,N,13.5,89,36,38,163,a,,,,,,,"2024,28",
20/02/2024,4,,,,,,,31,2024,29,N,5.5,68,72,8,148,sa,,,,,,,"2024,29",
20/02/2024,4,,,,,,,27,2024,30,N,12.5,84,72,18,174,a,,,,,,,"2024,30",
20/02/2024,4,,,,,,,20,2024,31,N,13,85,79,7,171,a,,,,,,,"2024,31",
20/02/2024,4,,,,,,,16,2024,32,N,10.5,81,27,38,146,a,,,,,,,"2024,32",
20/02/2024,4,,,,,,,6,2024,33,N,14.5,96,,,206,a,,,,,,,"2024,33",
21/02/2024,5,,,,,,,32,2024,7,R,,,,,,,,,,,,,"2024,7",
21/02/2024,5,,,,,,,16,2024,3,R,,,,,,,,,,,,,"2024,3",
21/02/2024,5,,,,,,,35,2024,8,R,,,,,,,,,,,,,"2024,8",
21/02/2024,5,,,,,,,36,2024,9,R,,,,,,,,,,,,,"2024,9",
21/02/2024,5,,,,,,,21,2024,15,R,,,,,,,,,,,,,"2024,15",
21/02/2024,5,,,,,,,5,2024,34,N,13.5,88,21,60,169,a,,,,,,,"2024,34",
21/02/2024,5,,,,,,,5,2024,35,N,7.5,62,,,136,sa,,,,,,,"2024,35",
21/02/2024,5,,,,,,,16,2024,36,N,12.5,87,20,18,115,a,,,,,,,"2024,36",
21/02/2024,5,,,,,,,20,2024,37,N,5.5,65,50,21,136,sa,,,,,,,"2024,37",
21/02/2024,5,,,,,,,23,2024,38,N,13.5,81,37,35,153,,,,,,,,"2024,38",
21/02/2024,5,,,,,,,24,2024,39,N,5.5,66,,,155,sa,,,,,,,"2024,39",
21/02/2024,5,,,,,,,29,2024,40,N,12,79,89,0,168,sa,,,,,,,"2024,40",
21/02/2024,5,,,,,,,34,2024,41,N,6,69,0,0,143,sa,,,,,,,"2024,41",
21/02/2024,5,,,,,,,37,2024,42,N,7,71,0,0,157,sa,,,,,,,"2024,42",
21/02/2024,5,,,,,,,39,2024,43,N,13,88,28,41,157,sa,,,,,,,"2024,43",
22/02/2024,6,,,,,,,35,2024,13,R,,,,,,,,,,,,,"2024,13",
22/02/2024,6,,,,,,,2,2024,18,R,,,,,,,,,,,,,"2024,18",
22/02/2024,6,,,,,,,29,2024,30,R,,,,,,,,,,,,,"2024,30",
22/02/2024,6,,,,,,,25,2024,44,N,13,82,37,43,162,a,,,,,,,"2024,44",
22/02/2024,6,,,,,,,23,2024,45,N,8,72,59,17,148,sa,,,,,,,"2024,45",
22/02/2024,6,,,,,,,21,2024,46,N,17,96,72,14,182,a,,,,,,,"2024,46",
22/02/2024,6,,,,,,,19,2024,47,N,5,64,,,140,j,,,,,,,"2024,47",
22/02/2024,6,,,,,,,17,2024,48,N,7,63,,,155,sa,,,,,,,"2024,48",
22/02/2024,6,,,,,,,16,2024,49,N,9,78,20,36,134,j,,,,,,,"2024,49",
22/02/2024,6,,,,,,,16,2024,50,N,5.5,64,,,146,sa,,,,,,,"2024,50",
22/02/2024,6,,,,,,,15,2024,51,N,13,86,44,42,172,a,,,,,,,"2024,51",
22/02/2024,6,,,,,,,19,2024,unmarked,N,7,71,51,19,141,j,,,,,,,"2024,unmarked",
23/02/2024,7,,,,,,,32,2024,1,R,,,,,,,,,,,,,"2024,1",
23/02/2024,7,,,,,,,16,2024,3,R,,,,,,,,,,,,,"2024,3",
23/02/2024,7,,,,,,,26,2024,4,R,,,,,,,,,,,,,"2024,4",
23/02/2024,7,,,,,,,35,2024,8,R,,,,,,,,,,,,,"2024,8",
23/02/2024,7,,,,,,,3,2024,17,R,,,,,,,,,,,,,"2024,17",
23/02/2024,7,,,,,,,26,2024,23,R,,,,,,,,,,,,,"2024,23",
23/02/2024,7,,,,,,,34,2024,28,R,,,,,,,,,,,,,"2024,28",
23/02/2024,7,,,,,,,27,2024,30,R,,,,,,,,,,,,,"2024,30",
23/02/2024,7,,,,,,,10,2024,52,N,8,76,29,19,124,sa,,,,,,,"2024,52",
8/02/2025,0,,,,,,,16,2025,1,N,21,98,55,25,,,,,,,,Seen when checking traps under cameras,"2025,1",22_010
9/02/2025,1,,,,,,,4,2025,2,N,7.5,70,34,35,,,,,,,,,"2025,2",
9/02/2025,1,,,,,,,11,2025,3,N,5.5,67,85,C,,,,,,,,,"2025,3",
9/02/2025,1,,,,,,,19,2025,4,N,6,79,87,C,,,,,,,,,"2025,4",
9/02/2025,1,,,,,,,25,2025,6,N,5,55,80,C,,,,,,,,,"2025,6",
9/02/2025,1,,,,,,,26,2025,7,N,12.5,82,41,33,,,,,,,,,"2025,7",23_016
9/02/2025,1,,,,,,,26,2025,8,N,7,62,25,25,,,,,,,,,"2025,8",
9/02/2025,1,,,,,,,27,2025,10,N,14.5,92,48,28,,,,,,,,,"2025,10",23_017
9/02/2025,1,,,,,,,29,2025,13,N,11,73,70,12,,,,,,,,,"2025,13",
9/02/2025,1,,,,,,,34,2025,15,N,19.5,87,21,35,,,,,,,,,"2025,15",23_010
9/02/2025,1,,,,,,,39,2025,16,N,6,58,86,C,,,,,,,,,"2025,16",
11/02/2025,3,,,,,,,3,2025,19,N,13,81,61,16,,,,,,,,,"2025,19",
11/02/2025,3,,,,,,,18,2025,20,N,21,87,66,29,,,,,,,,Missing two toes on front left foot,"2025,20",20_023
11/02/2025,3,,,,,,,24,2025,21,N,17.5,81,46,29,,,,,,,,,"2025,21",24_019
11/02/2025,3,,,,,,,27,2025,10,R,,,,,,,,,,,,Ventral mark loss,"2025,10",
11/02/2025,3,,,,,,,30,2025,22,N,,,,,,,,,,,,,"2025,22",
11/02/2025,3,,,,,,,34,2025,24,N,,,,,,,,,,,,,"2025,24",22_006
12/02/2025,4,,,,,,,20,2025,25,N,,,,,,,,,,,,,"2025,25",
12/02/2025,4,,,,,,,21,2025,26,N,,,,,,,,,,,,,"2025,26",
13/02/2025,5,,,,,,,27,2025,27,N,13.5,86,46,40,,,,,,,,,"2025,27",
13/02/2025,5,,,,,,,36,2025,15,R,,,,,,,,,,,,,"2025,15",
14/02/2025,6,,,,,,,16,2025,28,N,9.5,81,37,50,,,,,,,,,"2025,28",24_018
14/02/2025,6,,,,,,,16,2025,29,N,10.5,81,14,45,,,,,,,,"Scars on chin, left ventral, above left leg on right side","2025,29",24_024
14/02/2025,6,,,,,,,26,2025,30,N,9.5,76,21,21,,,,,,,,Double regen (21 total) 4mm new,"2025,30",24_005
14/02/2025,6,,,,,,,31,2025,10,R,,92,48,28,,,,,,,,Remeasured,"2025,10",
14/02/2025,6,,,,,,,36,2025,32,N,12,85,91,C,,,,,,,,,"2025,32",24_020
15/02/2025,7,,,,,,,16,2025,1,R,21.5,105,62,23,,,,,,,,Number had rubbed off. Was #1 and remarked as such,"2025,1",22_010
15/02/2025,7,,,,,,,20,2025,34,N,19.5,103,38,35,,,,,,,,,"2025,34",23_022
15/02/2025,7,,,,,,,25,2025,35,N,4.5,64,9,24,,,,,,,,,"2025,35",
15/02/2025,7,,,,,,,30,2025,22,R,,,,,,,,,,,,Remarked. Sloughy skin,"2025,22",
15/02/2025,7,,,,,,,34,2025,15,R,18.5,101,19,35,,,,,,,,Large skink remeasured,"2025,15",
16/02/2025,8,,,,,,,21,2025,10,R,,89,,,,,,,,,,Remeasured,"2025,10",
16/02/2025,8,,,,,,,31,2025,22,R,9.5,80,,,,,,,,,,Remarked as #39 in field due to mark loss,"2025,22",
16/02/2025,8,,,,,,,31,2025,40,N,12.5,84,90,C,,,,,,,,Caught while processing other skink. Had spilled pears on wooden lid,"2025,40",
16/02/2025,8,,,,,,,36,2025,41,N,10,79,90,C,,,,,,,,,"2025,41",
16/02/2025,8,,,,,,,37,2025,42,N,13,82,17,44,,,,,,,,Double regen,"2025,42",
17/02/2025,9,,,,,,,16,2025,44,N,5.5,64,82,C,,,,,,,,,"2025,44",
17/02/2025,9,,,,,,,18,2025,20,R,19,96,,28,,,,,,,,Missing D3 D2 on FL // Might be a recapture check photos,"2025,20",20_023
17/02/2025,9,,,,,,,21,2025,46,N,13.5,79,56,34,,,,,,,,,"2025,46",
17/02/2025,9,,,,,,,34,2025,24,R,,,,,,,,,,,,Mark mostly lost. Remarked,"2025,24",
17/02/2025,9,,,,,,,35,2025,49,N,13,81,28,29,,,,,,,,Half toes digit 2 and 3 on front right foot,"2025,49",
17/02/2025,9,,,,,,,35,2025,50,N,7.5,67,88,C,,,,,,,,,"2025,50",
17/02/2025,9,,,,,,,36,2025,30,R,,,,,,,,,,,,Mark lost. Remarked as 51,"2025,30",24_005
18/02/2025,10,,,,,,,16,2025,1,R,,,,,,,,,,,,,"2025,1",22_010
18/02/2025,10,,,,,,,20,2025,20,R,,,,,,,,,,,,,"2025,20",20_023
18/02/2025,10,,,,,,,36,2025,54,N,10,72,65,15,,,,,,,,,"2025,54",
19/02/2025,11,,,,,,,30,2025,57,N,10,79,86,C,,,,,,,,Pears were fermented for this day and bait was gone in T15.,"2025,57",
21/02/2025,13,,,,,,,23,2025,21,R,13.5,84,40,30,,,,,,,,,,
21/02/2025,13,,,,,,,37,2025,58,N,10,72,36,36,,,,,,,,,,
21/02/2025,13,,,,,,,25,2025,59,N,13,79,71,22,,,,,,,,,,
22/02/2025,14,,,,,,,27,2025,7,R,13.5,87,44,32,,,,,,,,,,
22/02/2025,14,,,,,,,30,2025,22,R,,,,,,,,,,,,,,
